text_id,x,y,content,font_size,color,object_id,related_element_id
TXT-TMP_528ee088-547b-4b9d-908e-d7ee54650e73,296.3011,507.1587,SUB010_66kV变电站,0.4773,"rgb(255,255,255)",TMP00312975,TMP_528ee088-547b-4b9d-908e-d7ee54650e73
TXT-TMP_e74730bc-e895-495d-93ee-eed36be8fe55,432.1104,484.6052,故障指示器006,0.1245,"rgb(255,255,255)",TMP00132595,TMP_e74730bc-e895-495d-93ee-eed36be8fe55
TXT-TMP_99a8c0b7-1c1f-4238-9d86-28fbfd13f177,441.9635,499.5332,故障指示器005,0.1245,"rgb(255,255,255)",TMP00132558,TMP_99a8c0b7-1c1f-4238-9d86-28fbfd13f177
TXT-TMP_fbd386d0-e8f1-4b3c-80f0-6157152109bf,442.8193,511.077,故障指示器004,0.1245,"rgb(255,255,255)",TMP00132552,TMP_fbd386d0-e8f1-4b3c-80f0-6157152109bf
TXT-TMP_0d2a2f9d-0047-4f1d-90b7-ddcf151d28d4,364.661,508.7524,5,0.5811,"rgb(255,255,255)",TMP00312985,TMP_350d4db8-81f5-428e-8058-388cebbce60d
TXT-TMP_67132cd0-028b-44ab-9895-4b0f5551570f,517.1437,508.7524,5,0.5811,"rgb(255,255,255)",TMP00312991,TMP_80a88d68-ef80-4658-b1d9-44bdcdd12cea
TXT-TMP_76850f4e-8fdf-42dc-b894-f0cd575829a7,518.3303,557.2856,5,0.5811,"rgb(255,255,255)",TMP00312992,TMP_bebc3aa6-27b7-4ab9-b044-5b08ee838b8e
TXT-TMP_9252e577-1979-4366-ae20-255f8bc57e6c,311.4598,515.431,线,0.2698,"rgb(255,255,255)",TMP00312998,TMP_d3550a56-3c87-4a54-8352-16acd8eae89f
TXT-TMP_350d4db8-81f5-428e-8058-388cebbce60d,340.7676,493.7205,配变2186,0.4151,"rgb(255,255,255)",TMP00132408,TMP_350d4db8-81f5-428e-8058-388cebbce60d
TXT-TMP_80a88d68-ef80-4658-b1d9-44bdcdd12cea,516.6918,499.2172,配变2185,0.4151,"rgb(255,255,255)",TMP00132695,TMP_80a88d68-ef80-4658-b1d9-44bdcdd12cea
TXT-TMP_ec7d30da-e604-48e5-adca-732c46349b0d,512.0732,495.3449,配变2184,0.4151,"rgb(255,255,255)",TMP00132697,TMP_ec7d30da-e604-48e5-adca-732c46349b0d
TXT-TMP_25db8967-5f75-4178-94b2-9b17b1b186b7,383.6835,562.7693,配变2183,0.4151,"rgb(255,255,255)",TMP00132941,TMP_25db8967-5f75-4178-94b2-9b17b1b186b7
TXT-TMP_fdf1fe95-526a-42bf-99d7-d754c762342e,386.3933,561.5337,配变2182,0.4151,"rgb(255,255,255)",TMP00132938,TMP_fdf1fe95-526a-42bf-99d7-d754c762342e
TXT-TMP_a4219c75-f7bc-4084-afd7-8e1fb5e2d84e,389.4818,551.508,配变2181,0.4151,"rgb(255,255,255)",TMP00132932,TMP_a4219c75-f7bc-4084-afd7-8e1fb5e2d84e
TXT-TMP_86ac3251-e57f-4d0e-bb86-ece5d8090cf9,394.7616,558.836,配变2180,0.4151,"rgb(255,255,255)",TMP00132925,TMP_86ac3251-e57f-4d0e-bb86-ece5d8090cf9
TXT-TMP_d661ceea-765b-4ab9-8d47-0671ec5952ec,399.326,552.0686,配变2179,0.4151,"rgb(255,255,255)",TMP00132916,TMP_d661ceea-765b-4ab9-8d47-0671ec5952ec
TXT-TMP_232b2880-4663-4c2c-826c-070e46eb341f,399.1928,563.357,配变2178,0.4151,"rgb(255,255,255)",TMP00132918,TMP_232b2880-4663-4c2c-826c-070e46eb341f
TXT-TMP_38397503-08e6-4cae-987f-dfbbe9740efb,404.9069,560.2782,配变2177,0.4151,"rgb(255,255,255)",TMP00132913,TMP_38397503-08e6-4cae-987f-dfbbe9740efb
TXT-TMP_5928efab-579f-4f37-9f48-44dd34bb54e5,417.9509,544.5014,配变2176,0.4151,"rgb(255,255,255)",TMP00132897,TMP_5928efab-579f-4f37-9f48-44dd34bb54e5
TXT-TMP_f83e9222-6f3e-407b-abb5-5eb9ea7a50e2,421.2212,562.0533,配变2175,0.4151,"rgb(255,255,255)",TMP00132892,TMP_f83e9222-6f3e-407b-abb5-5eb9ea7a50e2
TXT-TMP_a0397e37-6b92-4454-8c94-0bd3ed72ec41,437.0639,551.1135,配变2174,0.4151,"rgb(255,255,255)",TMP00132869,TMP_a0397e37-6b92-4454-8c94-0bd3ed72ec41
TXT-TMP_7dbe008e-4c5e-451c-ab17-594c8165d7de,443.4937,562.4703,配变2173,0.4151,"rgb(255,255,255)",TMP00132866,TMP_7dbe008e-4c5e-451c-ab17-594c8165d7de
TXT-TMP_12fde5d1-6205-4fd5-84d6-19539235a1e6,452.3032,562.4703,配变2172,0.4151,"rgb(255,255,255)",TMP00132856,TMP_12fde5d1-6205-4fd5-84d6-19539235a1e6
TXT-TMP_8ff074d3-c9c3-4ff7-86a6-ffb5419c50f6,453.5547,552.3825,配变2171,0.4151,"rgb(255,255,255)",TMP00132853,TMP_8ff074d3-c9c3-4ff7-86a6-ffb5419c50f6
TXT-TMP_474e39b7-096b-4982-9b98-4d845af69b90,463.9016,560.3844,配变2170,0.4151,"rgb(255,255,255)",TMP00132837,TMP_474e39b7-096b-4982-9b98-4d845af69b90
TXT-TMP_b09e0182-1906-46f7-9e70-e33ab0f77dce,470.5138,565.2354,配变2169,0.4151,"rgb(255,255,255)",TMP00132826,TMP_b09e0182-1906-46f7-9e70-e33ab0f77dce
TXT-TMP_c9e3eafe-d1d6-4517-9c86-35e47412d6ca,474.13,559.3407,配变2168,0.4151,"rgb(255,255,255)",TMP00132828,TMP_c9e3eafe-d1d6-4517-9c86-35e47412d6ca
TXT-TMP_8344d23a-f2c6-4083-9219-7bf4ac0ad096,478.7512,549.5694,配变2167,0.4151,"rgb(255,255,255)",TMP00132819,TMP_8344d23a-f2c6-4083-9219-7bf4ac0ad096
TXT-TMP_899f83b3-b228-4bf3-9e2b-b8a22722cf29,479.7201,562.4552,配变2166,0.4151,"rgb(255,255,255)",TMP00132821,TMP_899f83b3-b228-4bf3-9e2b-b8a22722cf29
TXT-TMP_a9f9d0d9-e478-4883-bcf0-3cc73aa3003f,483.0049,561.6628,配变2165,0.4151,"rgb(255,255,255)",TMP00132815,TMP_a9f9d0d9-e478-4883-bcf0-3cc73aa3003f
TXT-TMP_e09c3838-c3a2-4410-95ba-d655e9d5865a,485.5925,553.8929,配变2164,0.4151,"rgb(255,255,255)",TMP00132806,TMP_e09c3838-c3a2-4410-95ba-d655e9d5865a
TXT-TMP_df0ade00-aada-47a1-be0a-c3062f8ecf74,438.2462,477.1373,配变2163,0.4151,"rgb(255,255,255)",TMP00132662,TMP_df0ade00-aada-47a1-be0a-c3062f8ecf74
TXT-TMP_16ca72ac-6fa7-4a01-a3a3-6e70deb24b9b,441.6091,480.3621,配变2162,0.4151,"rgb(255,255,255)",TMP00132664,TMP_16ca72ac-6fa7-4a01-a3a3-6e70deb24b9b
TXT-TMP_f1b1304f-b3c9-452c-9614-55f7b6dceee6,427.5844,474.5996,配变2161,0.4151,"rgb(255,255,255)",TMP00132629,TMP_f1b1304f-b3c9-452c-9614-55f7b6dceee6
TXT-TMP_2c9f04bc-b1f1-4ca0-bac9-a4882ba70a47,466.4192,494.0953,配变2160,0.4151,"rgb(255,255,255)",TMP00132646,TMP_2c9f04bc-b1f1-4ca0-bac9-a4882ba70a47
TXT-TMP_31495cfe-45fa-4882-bca2-af3458289b98,455.4148,494.4078,配变2159,0.4151,"rgb(255,255,255)",TMP00132623,TMP_31495cfe-45fa-4882-bca2-af3458289b98
TXT-TMP_103d2841-92d2-43b8-81b7-70908b3a4e89,448.3051,495.2637,配变2158,0.4151,"rgb(255,255,255)",TMP00132567,TMP_103d2841-92d2-43b8-81b7-70908b3a4e89
TXT-TMP_94f5fd92-3eef-4301-8436-ceda13a43e4b,420.628,512.8087,配变2157,0.4151,"rgb(255,255,255)",TMP00132544,TMP_94f5fd92-3eef-4301-8436-ceda13a43e4b
TXT-TMP_2b527e65-695c-4a99-ad57-4129c26944c7,413.9495,502.4109,配变2156,0.4151,"rgb(255,255,255)",TMP00132537,TMP_2b527e65-695c-4a99-ad57-4129c26944c7
TXT-TMP_c91df0dd-ff75-4b0b-8697-8287ddf99f76,416.4764,500.9164,配变2155,0.4151,"rgb(255,255,255)",TMP00132536,TMP_c91df0dd-ff75-4b0b-8697-8287ddf99f76
TXT-TMP_f474f80d-a3a9-48b0-9577-e597e162d99f,300.1359,508.1134,开关02442,0.5811,"rgb(255,255,255)",TMP00132372,TMP_f474f80d-a3a9-48b0-9577-e597e162d99f
TXT-TMP_111aff70-e9bd-4f5e-aad1-c9fadbfd82ec,347.188,496.2341,开关00028,0.4151,"rgb(255,255,255)",TMP00132398,TMP_111aff70-e9bd-4f5e-aad1-c9fadbfd82ec
TXT-TMP_a51494f2-9b33-4dbd-b55a-e4d73d23179b,351.4394,495.7527,开关00027,0.4151,"rgb(255,255,255)",TMP00132405,TMP_a51494f2-9b33-4dbd-b55a-e4d73d23179b
TXT-TMP_cd02dc31-331b-4dda-90e5-34df4ee6036f,413.0974,508.7952,开关00026,0.1026,"rgb(255,255,255)",TMP00132532,TMP_cd02dc31-331b-4dda-90e5-34df4ee6036f
TXT-TMP_4774de0a-2a82-4132-a4f0-702d09d4b572,509.5727,508.0241,开关00025,0.4151,"rgb(255,255,255)",TMP00132775,TMP_4774de0a-2a82-4132-a4f0-702d09d4b572
TXT-TMP_8e679920-5f81-44b6-ad3c-c4002a4afdc1,486.5894,557.4303,开关00024,0.4151,"rgb(255,255,255)",TMP00132811,TMP_8e679920-5f81-44b6-ad3c-c4002a4afdc1
TXT-TMP_fd651cda-26fe-4cba-bdbe-79f6561d0cbb,466.4081,555.1986,开关00023,0.4151,"rgb(255,255,255)",TMP00132830,TMP_fd651cda-26fe-4cba-bdbe-79f6561d0cbb
TXT-TMP_564ed854-4c61-4c2d-b456-de3c3bb1e9c0,407.0096,555.1986,开关00022,0.4151,"rgb(255,255,255)",TMP00132906,TMP_564ed854-4c61-4c2d-b456-de3c3bb1e9c0
TXT-TMP_8ab26649-bf3e-4a4a-8b9c-21a2669c2c73,412.7333,557.822,开关00021,0.4151,"rgb(255,255,255)",TMP00132900,TMP_8ab26649-bf3e-4a4a-8b9c-21a2669c2c73
TXT-TMP_c0b5edb0-f348-4eb0-bc11-155bb6121de0,428.3235,557.822,开关00020,0.4151,"rgb(255,255,255)",TMP00132873,TMP_c0b5edb0-f348-4eb0-bc11-155bb6121de0
TXT-TMP_73536e48-7b02-4f4f-a759-e54ee3d0f66e,496.0438,552.3157,开关00019,0.4151,"rgb(255,255,255)",TMP00132803,TMP_73536e48-7b02-4f4f-a759-e54ee3d0f66e
TXT-TMP_6413b3ea-0f1a-4ce2-abab-acdb2b1cccd6,506.1022,511.6757,开关00018,0.4151,"rgb(255,255,255)",TMP00132666,TMP_6413b3ea-0f1a-4ce2-abab-acdb2b1cccd6
TXT-TMP_ad0b5fb3-9db9-4a1b-8fcb-6d89dd5f41da,446.2526,502.994,开关00017,0.4151,"rgb(255,255,255)",TMP00132554,TMP_ad0b5fb3-9db9-4a1b-8fcb-6d89dd5f41da
TXT-TMP_d811704b-8b30-48aa-a442-a75e27050d86,446.3609,468.9789,开关00016,0.4151,"rgb(255,255,255)",TMP00132571,TMP_d811704b-8b30-48aa-a442-a75e27050d86
TXT-TMP_b4d4bed1-d70d-4a4d-87a9-9f8c944498da,442.8657,453.9798,开关00015,0.4151,"rgb(255,255,255)",TMP00132598,TMP_b4d4bed1-d70d-4a4d-87a9-9f8c944498da
TXT-TMP_926a9e2d-ace6-4af4-af01-ed0447b7e967,438.7753,487.6901,开关00014,0.4151,"rgb(255,255,255)",TMP00132563,TMP_926a9e2d-ace6-4af4-af01-ed0447b7e967
TXT-TMP_a97a18eb-a863-431c-a805-bcd62e6e44fe,427.156,487.7257,开关00013,0.4151,"rgb(255,255,255)",TMP00132596,TMP_a97a18eb-a863-431c-a805-bcd62e6e44fe
TXT-TMP_52796213-55f2-4fdd-aa8a-8a708c467d4e,449.9484,492.1505,开关00012,0.4151,"rgb(255,255,255)",TMP00132561,TMP_52796213-55f2-4fdd-aa8a-8a708c467d4e
TXT-TMP_049d2a12-bd0b-4a7d-b06a-cc7ffde27ac8,466.0166,490.5661,开关00011,0.4151,"rgb(255,255,255)",TMP00132625,TMP_049d2a12-bd0b-4a7d-b06a-cc7ffde27ac8
TXT-TMP_02486247-2f7d-40d8-aafc-99e6ec4b2cb9,527.7198,505.9668,用户1589,0.5188,"rgb(255,255,255)",TMP00313053,TMP_02486247-2f7d-40d8-aafc-99e6ec4b2cb9
TXT-TMP_b7f44c9e-602c-4c02-9d1c-908dd04d1593,412.0615,553.5329,用户1606,0.5188,"rgb(255,255,255)",TMP00313054,TMP_b7f44c9e-602c-4c02-9d1c-908dd04d1593
TXT-TMP_4231eca5-1248-4890-a2dd-a2eb0d04a94a,440.5074,559.6086,用户1573,0.5188,"rgb(255,255,255)",TMP00313055,TMP_4231eca5-1248-4890-a2dd-a2eb0d04a94a
TXT-TMP_ee548e0e-e024-40d9-a6a7-a2adbb5c9b5c,449.3169,559.6086,用户1574,0.5188,"rgb(255,255,255)",TMP00313056,TMP_ee548e0e-e024-40d9-a6a7-a2adbb5c9b5c
TXT-TMP_6499d3bd-d2fc-430d-986a-7d0d38e99638,451.3482,466.8775,用户1600,0.5188,"rgb(255,255,255)",TMP00313057,TMP_6499d3bd-d2fc-430d-986a-7d0d38e99638
TXT-TMP_af46d7af-7409-4595-9963-94e159d16742,428.9164,502.8738,用户1605,0.5188,"rgb(255,255,255)",TMP00313058,TMP_af46d7af-7409-4595-9963-94e159d16742
TXT-TMP_1a1fd734-384c-4983-9948-206843d84d6e,311.6565,505.9656,开关00106,0.3892,"rgb(255,255,255)",TMP00132374,TMP_1a1fd734-384c-4983-9948-206843d84d6e
TXT-TMP_014bb136-2504-4cfe-9f8c-d90a93c28e3d,313.6022,505.9656,开关00105,0.3892,"rgb(255,255,255)",TMP00132375,TMP_014bb136-2504-4cfe-9f8c-d90a93c28e3d
TXT-TMP_e9b2783f-de79-4d96-88c1-94e26cdacf3d,315.548,505.9656,开关00104,0.3892,"rgb(255,255,255)",TMP00132376,TMP_e9b2783f-de79-4d96-88c1-94e26cdacf3d
TXT-TMP_da9538e1-cd34-4423-81e0-cbc2f178bde3,309.7106,505.9656,开关00103,0.3892,"rgb(255,255,255)",TMP00132373,TMP_da9538e1-cd34-4423-81e0-cbc2f178bde3
TXT-TMP_6eed23b1-a3cb-4368-9191-12d2a8352c23,324.8669,505.9656,开关00102,0.3892,"rgb(255,255,255)",TMP00132381,TMP_6eed23b1-a3cb-4368-9191-12d2a8352c23
TXT-TMP_45d4bdef-5137-49e2-b286-b6e23fe1b951,328.7585,505.9656,开关00101,0.3892,"rgb(255,255,255)",TMP00132383,TMP_45d4bdef-5137-49e2-b286-b6e23fe1b951
TXT-TMP_066c0c08-4b3c-4877-926b-7bf53fc94035,330.7043,505.9656,开关00100,0.3892,"rgb(255,255,255)",TMP00132384,TMP_066c0c08-4b3c-4877-926b-7bf53fc94035
TXT-TMP_beec4241-aecd-4d16-95d1-37d3564f85dd,326.8127,505.9656,开关00099,0.3892,"rgb(255,255,255)",TMP00132382,TMP_beec4241-aecd-4d16-95d1-37d3564f85dd
TXT-TMP_3fca99eb-6f01-4570-b455-3bef1894a8c5,349.1733,505.9656,开关00098,0.3892,"rgb(255,255,255)",TMP00132393,TMP_3fca99eb-6f01-4570-b455-3bef1894a8c5
TXT-TMP_e82ea56e-ac44-4d6d-8c37-04827cd0f6a2,353.0649,505.9656,开关00097,0.3892,"rgb(255,255,255)",TMP00132395,TMP_e82ea56e-ac44-4d6d-8c37-04827cd0f6a2
TXT-TMP_c2ef5891-7091-4fbd-9a5d-6adac248911b,351.119,505.9656,开关00096,0.3892,"rgb(255,255,255)",TMP00132394,TMP_c2ef5891-7091-4fbd-9a5d-6adac248911b
TXT-TMP_1757ace6-6e00-4206-9d89-c1205b2e5e34,355.0107,505.9656,开关00095,0.3892,"rgb(255,255,255)",TMP00132396,TMP_1757ace6-6e00-4206-9d89-c1205b2e5e34
TXT-TMP_51ae254a-73e2-4ca9-a2fa-688354215ad4,345.8355,476.9756,开关00094,0.3892,"rgb(255,255,255)",TMP00132410,TMP_51ae254a-73e2-4ca9-a2fa-688354215ad4
TXT-TMP_e7edf612-253a-40b4-b2f7-ad34daefdb3a,347.7813,476.9756,开关00093,0.3892,"rgb(255,255,255)",TMP00132411,TMP_e7edf612-253a-40b4-b2f7-ad34daefdb3a
TXT-TMP_b26a0fb0-c23b-44df-99e2-eb3e9dbf7549,349.7271,476.9756,开关00092,0.3892,"rgb(255,255,255)",TMP00132412,TMP_b26a0fb0-c23b-44df-99e2-eb3e9dbf7549
TXT-TMP_8fd3c105-ec3a-4523-a88b-8cd51634a209,351.6729,476.9756,开关00091,0.3892,"rgb(255,255,255)",TMP00132413,TMP_8fd3c105-ec3a-4523-a88b-8cd51634a209
TXT-TMP_b07f1c61-63f4-4906-ab4f-1a8ce8467e03,368.9682,505.9656,开关00090,0.3892,"rgb(255,255,255)",TMP00132454,TMP_b07f1c61-63f4-4906-ab4f-1a8ce8467e03
TXT-TMP_7c5fd4f9-00d6-47a2-bd18-b04e434bd80d,370.914,505.9656,开关00089,0.3892,"rgb(255,255,255)",TMP00132455,TMP_7c5fd4f9-00d6-47a2-bd18-b04e434bd80d
TXT-TMP_1b2aab21-7ab6-4b3e-a6f9-6d7943d0cc15,367.0225,505.9656,开关00088,0.3892,"rgb(255,255,255)",TMP00132453,TMP_1b2aab21-7ab6-4b3e-a6f9-6d7943d0cc15
TXT-TMP_8195d938-6eb8-41fe-9082-6fde72e4f888,365.0767,505.9656,开关00087,0.3892,"rgb(255,255,255)",TMP00132452,TMP_8195d938-6eb8-41fe-9082-6fde72e4f888
TXT-TMP_eb0649c6-30d5-46ae-a841-89e4fb1802b2,382.1787,505.9656,开关00086,0.3892,"rgb(255,255,255)",TMP00132488,TMP_eb0649c6-30d5-46ae-a841-89e4fb1802b2
TXT-TMP_d8c83b3a-2f69-4538-aa9b-99677b7f30ec,386.0703,505.9656,开关00085,0.3892,"rgb(255,255,255)",TMP00132490,TMP_d8c83b3a-2f69-4538-aa9b-99677b7f30ec
TXT-TMP_9d3ce58b-2719-4c07-9f81-ba9cf2d01ee4,384.1245,505.9656,开关00084,0.3892,"rgb(255,255,255)",TMP00132489,TMP_9d3ce58b-2719-4c07-9f81-ba9cf2d01ee4
TXT-TMP_e4bc90bf-f095-4460-a31c-72253a3cf818,380.233,505.9656,开关00083,0.3892,"rgb(255,255,255)",TMP00132487,TMP_e4bc90bf-f095-4460-a31c-72253a3cf818
TXT-TMP_a28c9ba9-8793-4c48-9f0c-2e8dd1e08958,397.5423,503.443,开关00082,0.378,"rgb(255,255,255)",TMP00132503,TMP_a28c9ba9-8793-4c48-9f0c-2e8dd1e08958
TXT-TMP_635ebbaa-e5f3-4570-9587-c202d5fd5154,403.2127,503.443,开关00081,0.378,"rgb(255,255,255)",TMP00132511,TMP_635ebbaa-e5f3-4570-9587-c202d5fd5154
TXT-TMP_dd93446b-407f-4cc5-9214-45a0c91b8598,395.2852,503.3485,开关00080,0.378,"rgb(255,255,255)",TMP00132499,TMP_dd93446b-407f-4cc5-9214-45a0c91b8598
TXT-TMP_bf93dcc7-5f35-453d-b048-f161da0465c3,401.3225,503.443,开关00031,0.378,"rgb(255,255,255)",TMP00132508,TMP_bf93dcc7-5f35-453d-b048-f161da0465c3
TXT-TMP_7c03fb25-d5f6-48b1-a889-0f25062c62b0,399.4324,503.443,开关00032,0.378,"rgb(255,255,255)",TMP00132505,TMP_7c03fb25-d5f6-48b1-a889-0f25062c62b0
TXT-TMP_37c33488-1abf-4505-b10d-5e168c2c6a93,495.5486,487.6558,开关00079,0.378,"rgb(255,255,255)",TMP00132679,TMP_37c33488-1abf-4505-b10d-5e168c2c6a93
TXT-TMP_6469ef55-e37b-4ad8-9d8a-2dbfb6bbf806,497.4384,487.6558,开关00078,0.378,"rgb(255,255,255)",TMP00132683,TMP_6469ef55-e37b-4ad8-9d8a-2dbfb6bbf806
TXT-TMP_83ddbc9b-82ce-462e-a08c-24c6b73691a8,499.3283,487.6558,开关00077,0.378,"rgb(255,255,255)",TMP00132685,TMP_83ddbc9b-82ce-462e-a08c-24c6b73691a8
TXT-TMP_664b4bfa-cf5c-4fb0-b457-bc06cf8c8182,501.2182,487.6558,开关00029,0.378,"rgb(255,255,255)",TMP00132687,TMP_664b4bfa-cf5c-4fb0-b457-bc06cf8c8182
TXT-TMP_15318d5e-5bfe-447a-ac3a-b4988be3d6b2,503.1081,487.6558,开关00030,0.378,"rgb(255,255,255)",TMP00132690,TMP_15318d5e-5bfe-447a-ac3a-b4988be3d6b2
TXT-TMP_5fdb8258-58a1-4e52-b1d0-9f1141378ed4,516.6251,504.024,开关00064,0.378,"rgb(255,255,255)",TMP00132776,TMP_5fdb8258-58a1-4e52-b1d0-9f1141378ed4
TXT-TMP_29561fa1-fdbe-4020-955b-de15b380f0ed,518.6331,503.9201,开关00063,0.378,"rgb(255,255,255)",TMP00132780,TMP_29561fa1-fdbe-4020-955b-de15b380f0ed
TXT-TMP_2db5d7b1-0bc0-412e-8144-3aff027ad862,520.523,503.9201,开关00062,0.378,"rgb(255,255,255)",TMP00132782,TMP_2db5d7b1-0bc0-412e-8144-3aff027ad862
TXT-TMP_c280420f-a812-45b3-9ea8-86f1e584fccc,522.4129,503.9201,开关00049,0.378,"rgb(255,255,255)",TMP00132784,TMP_c280420f-a812-45b3-9ea8-86f1e584fccc
TXT-TMP_c06e4ff4-059f-455f-b6b6-7a0f9cafcd48,524.3027,503.9201,开关00050,0.378,"rgb(255,255,255)",TMP00132787,TMP_c06e4ff4-059f-455f-b6b6-7a0f9cafcd48
TXT-TMP_6b6bcc31-8d4f-4c01-88c5-87fb4c9d0d30,377.6949,535.9411,开关00076,0.3892,"rgb(255,255,255)",TMP00132462,TMP_6b6bcc31-8d4f-4c01-88c5-87fb4c9d0d30
TXT-TMP_6491298b-cbc7-46e0-b892-0cb0728b3892,379.6407,535.9411,开关00075,0.3892,"rgb(255,255,255)",TMP00132463,TMP_6491298b-cbc7-46e0-b892-0cb0728b3892
TXT-TMP_aac58e69-10b1-4295-bcf1-457298b65b72,381.5864,535.9411,开关00074,0.3892,"rgb(255,255,255)",TMP00132464,TMP_aac58e69-10b1-4295-bcf1-457298b65b72
TXT-TMP_6ac70eec-e940-4ca9-ad75-64690fd40483,383.5322,535.9411,开关00073,0.3892,"rgb(255,255,255)",TMP00132465,TMP_6ac70eec-e940-4ca9-ad75-64690fd40483
TXT-TMP_fa28c80b-8e8e-4977-aead-bf34cf1beb95,377.2868,495.7446,开关00072,0.3892,"rgb(255,255,255)",TMP00132477,TMP_fa28c80b-8e8e-4977-aead-bf34cf1beb95
TXT-TMP_2c743110-ffe5-4a14-824e-cdf655c53eda,373.3952,495.7446,开关00071,0.3892,"rgb(255,255,255)",TMP00132475,TMP_2c743110-ffe5-4a14-824e-cdf655c53eda
TXT-TMP_a841b5a7-aea9-4fd1-9607-36191a4fd501,375.341,495.7446,开关00070,0.3892,"rgb(255,255,255)",TMP00132476,TMP_a841b5a7-aea9-4fd1-9607-36191a4fd501
TXT-TMP_d996ab29-e841-4fdc-9be4-9b0d1e2b9216,379.2327,495.7446,开关00069,0.3892,"rgb(255,255,255)",TMP00132478,TMP_d996ab29-e841-4fdc-9be4-9b0d1e2b9216
TXT-TMP_8703b48e-845b-4bba-80f2-96b143bfb24e,318.11,496.5018,开关00127,0.4088,"rgb(255,255,255)",TMP00132377,TMP_8703b48e-845b-4bba-80f2-96b143bfb24e
TXT-TMP_1a2c4f72-3a89-4d57-aa27-b2519ad407be,322.1977,496.5018,开关00126,0.4088,"rgb(255,255,255)",TMP00132380,TMP_1a2c4f72-3a89-4d57-aa27-b2519ad407be
TXT-TMP_c9828ed2-2ae9-4da3-a678-4db30b7e7dd5,320.1538,496.5018,开关00125,0.4088,"rgb(255,255,255)",TMP00132378,TMP_c9828ed2-2ae9-4da3-a678-4db30b7e7dd5
TXT-TMP_d3550a56-3c87-4a54-8352-16acd8eae89f,318.6728,498.3055,配变2291,0.4088,"rgb(255,255,255)",TMP00132379,TMP_d3550a56-3c87-4a54-8352-16acd8eae89f
TXT-TMP_19b9c9a6-9833-4daf-bbf7-67e978b8bff7,328.7663,518.8502,开关00124,0.4088,"rgb(255,255,255)",TMP00132385,TMP_19b9c9a6-9833-4daf-bbf7-67e978b8bff7
TXT-TMP_7f0f090b-9817-4c43-a0a5-9ccf7752a82f,330.8102,518.8502,开关00123,0.4088,"rgb(255,255,255)",TMP00132386,TMP_7f0f090b-9817-4c43-a0a5-9ccf7752a82f
TXT-TMP_d0dae0ab-4f99-4464-bbd6-ef8f4dea80a8,332.854,518.8502,开关00122,0.4088,"rgb(255,255,255)",TMP00132388,TMP_d0dae0ab-4f99-4464-bbd6-ef8f4dea80a8
TXT-TMP_72ea014f-8d74-4d74-a635-d3d719e0e238,329.3291,520.6539,配变2290,0.4088,"rgb(255,255,255)",TMP00132387,TMP_72ea014f-8d74-4d74-a635-d3d719e0e238
TXT-TMP_06a351db-0783-47c5-b757-4b7e5eba7863,343.7578,463.7332,开关00193,0.4088,"rgb(255,255,255)",TMP00132414,TMP_06a351db-0783-47c5-b757-4b7e5eba7863
TXT-TMP_45327c74-d6b2-4ee2-b55a-3919ff60cac7,347.8456,463.7332,开关00192,0.4088,"rgb(255,255,255)",TMP00132417,TMP_45327c74-d6b2-4ee2-b55a-3919ff60cac7
TXT-TMP_b6bb9d9c-4759-43ff-a095-5a3de5a9d0b6,345.8017,463.7332,开关00191,0.4088,"rgb(255,255,255)",TMP00132415,TMP_b6bb9d9c-4759-43ff-a095-5a3de5a9d0b6
TXT-TMP_6fe07dbe-43c6-40d7-b4a8-f681d26cda27,345.6932,465.1339,配变2305,0.1745,"rgb(255,255,255)",TMP00132416,TMP_6fe07dbe-43c6-40d7-b4a8-f681d26cda27
TXT-TMP_cd2b7cdc-a9b6-464e-bf35-a3fb124107fa,345.0506,461.6997,如切1#SUB020_配电LINE370_线,0.0763,"rgb(255,255,255)",TMP00313059,TMP_6fe07dbe-43c6-40d7-b4a8-f681d26cda27
TXT-TMP_36eb2ceb-5b72-4670-b532-505eba8af875,353.3245,450.431,开关00190,0.4088,"rgb(255,255,255)",TMP00132421,TMP_36eb2ceb-5b72-4670-b532-505eba8af875
TXT-TMP_b8a7ffbe-3627-46e3-97e7-0c665309c8b3,349.2368,450.431,开关00189,0.4088,"rgb(255,255,255)",TMP00132418,TMP_b8a7ffbe-3627-46e3-97e7-0c665309c8b3
TXT-TMP_59e6a01f-082f-412f-9d58-34e62ee4482d,351.2807,450.431,开关00188,0.4088,"rgb(255,255,255)",TMP00132419,TMP_59e6a01f-082f-412f-9d58-34e62ee4482d
TXT-TMP_8b2a7759-a4dc-4ef8-93c6-959a1f2ac861,351.7113,451.8318,配变2304,0.1745,"rgb(255,255,255)",TMP00132420,TMP_8b2a7759-a4dc-4ef8-93c6-959a1f2ac861
TXT-TMP_fcb68593-811c-469c-9963-a4dca04c34f4,350.5296,448.3975,如切2#SUB020_配电LINE370_线,0.0763,"rgb(255,255,255)",TMP00313060,TMP_6fe07dbe-43c6-40d7-b4a8-f681d26cda27
TXT-TMP_1f6cfdd2-3d1e-48ec-9e24-944e5336cb47,485.0451,488.9643,开关00115,0.4088,"rgb(255,255,255)",TMP00132698,TMP_1f6cfdd2-3d1e-48ec-9e24-944e5336cb47
TXT-TMP_f18f1f15-7560-4879-a59f-573665feef40,487.089,488.9643,开关00114,0.4088,"rgb(255,255,255)",TMP00132699,TMP_f18f1f15-7560-4879-a59f-573665feef40
TXT-TMP_d6189086-30c7-436a-9d22-527f2d3df490,489.1329,488.9643,开关00113,0.4088,"rgb(255,255,255)",TMP00132701,TMP_d6189086-30c7-436a-9d22-527f2d3df490
TXT-TMP_8b81771f-d12f-4b58-95d8-7015a13c09c4,485.6852,488.5275,配变2287,0.3053,"rgb(255,255,255)",TMP00132700,TMP_8b81771f-d12f-4b58-95d8-7015a13c09c4
TXT-TMP_8ea12fc6-f792-4115-aa5f-572636213477,532.8603,503.8579,开关00205,0.4088,"rgb(255,255,255)",TMP00132794,TMP_8ea12fc6-f792-4115-aa5f-572636213477
TXT-TMP_b1ff4cd6-dc72-4448-b476-41ce74d4de9d,534.9042,503.8579,开关00204,0.4088,"rgb(255,255,255)",TMP00132795,TMP_b1ff4cd6-dc72-4448-b476-41ce74d4de9d
TXT-TMP_8dc1622a-b7ee-4f98-a646-caafe3f80181,536.948,503.8579,开关00203,0.4088,"rgb(255,255,255)",TMP00132797,TMP_8dc1622a-b7ee-4f98-a646-caafe3f80181
TXT-TMP_24da824f-0936-4a47-8c02-f26427a85a94,534.863,505.3156,配变2297,0.2314,"rgb(255,255,255)",TMP00132796,TMP_24da824f-0936-4a47-8c02-f26427a85a94
TXT-TMP_7e9788da-ae3e-4df6-9a9f-4e5de1e2a9a2,392.7938,568.6533,开关00144,0.4088,"rgb(255,255,255)",TMP00132926,TMP_7e9788da-ae3e-4df6-9a9f-4e5de1e2a9a2
TXT-TMP_dcdc635f-61aa-4eb8-b9da-d5b6d72e508e,394.8376,568.6533,开关00143,0.4088,"rgb(255,255,255)",TMP00132927,TMP_dcdc635f-61aa-4eb8-b9da-d5b6d72e508e
TXT-TMP_b193eb4b-1e60-4444-8a68-6eb5c3a0d51a,396.8815,568.6533,开关00142,0.4088,"rgb(255,255,255)",TMP00132929,TMP_b193eb4b-1e60-4444-8a68-6eb5c3a0d51a
TXT-TMP_2e8a0652-6b0b-4c91-b1c4-56c52a662cec,393.5357,567.3641,配变2265,0.2616,"rgb(255,255,255)",TMP00132928,TMP_2e8a0652-6b0b-4c91-b1c4-56c52a662cec
TXT-TMP_f7cddb3f-1938-4a69-8d72-efdccaacd436,394.0865,566.6198,8112542584母线,0.0763,"rgb(255,255,255)",TMP00313061,TMP_25db8967-5f75-4178-94b2-9b17b1b186b7
TXT-TMP_f2eb6d5a-c0c6-40dd-b319-10e373ae3273,428.8851,564.6666,开关00169,0.4088,"rgb(255,255,255)",TMP00132874,TMP_f2eb6d5a-c0c6-40dd-b319-10e373ae3273
TXT-TMP_5ae23487-9ac7-4fe1-b4aa-614dd607b47d,430.9289,564.6666,开关00168,0.4088,"rgb(255,255,255)",TMP00132875,TMP_5ae23487-9ac7-4fe1-b4aa-614dd607b47d
TXT-TMP_cc6e48d0-8cc1-4fa0-8ecd-a564768d753f,432.9728,564.6666,开关00167,0.4088,"rgb(255,255,255)",TMP00132877,TMP_cc6e48d0-8cc1-4fa0-8ecd-a564768d753f
TXT-TMP_17abe6a9-0329-424b-967c-c50db0d01225,429.3968,563.5454,配变2277,0.189,"rgb(255,255,255)",TMP00132876,TMP_17abe6a9-0329-424b-967c-c50db0d01225
TXT-TMP_a76351f5-c592-4d56-a694-8df38e07cafd,431.5771,566.1738,配变2278,0.0763,"rgb(255,255,255)",TMP00132879,TMP_a76351f5-c592-4d56-a694-8df38e07cafd
TXT-TMP_83f8c3d2-f0be-438f-9ac7-d8e487dd56de,430.1778,562.6332,0317599105母线,0.0763,"rgb(255,255,255)",TMP00313062,TMP_38397503-08e6-4cae-987f-dfbbe9740efb
TXT-TMP_65b05358-9ec4-455f-a0d0-91c202fcee83,445.9695,550.1094,开关00187,0.4088,"rgb(255,255,255)",TMP00132860,TMP_65b05358-9ec4-455f-a0d0-91c202fcee83
TXT-TMP_d01310d8-a7b8-48e7-ae5f-95de1b7cde2c,448.0133,550.1094,开关00186,0.4088,"rgb(255,255,255)",TMP00132861,TMP_d01310d8-a7b8-48e7-ae5f-95de1b7cde2c
TXT-TMP_5eae67f7-18ca-4083-a405-888fc95eb0da,450.0572,550.1094,开关00185,0.4088,"rgb(255,255,255)",TMP00132863,TMP_5eae67f7-18ca-4083-a405-888fc95eb0da
TXT-TMP_84cf56e0-a36f-48e9-8221-746087a812d2,447.8744,551.5176,配变2303,0.1819,"rgb(255,255,255)",TMP00132862,TMP_84cf56e0-a36f-48e9-8221-746087a812d2
TXT-TMP_886d3801-e6c5-4c11-9e7b-955c36b69df1,447.2622,548.0767,成素急书SUB020_配电站8112480550母线,0.0734,"rgb(255,255,255)",TMP00313063,TMP_5928efab-579f-4f37-9f48-44dd34bb54e5
TXT-TMP_df1d7e01-91ff-4cf2-91a3-ff01dcb1f41c,457.0071,565.1617,开关00141,0.4088,"rgb(255,255,255)",TMP00132847,TMP_df1d7e01-91ff-4cf2-91a3-ff01dcb1f41c
TXT-TMP_dd03349e-be51-4073-8a51-e019a7071e7c,459.051,565.1617,开关00140,0.4088,"rgb(255,255,255)",TMP00132848,TMP_dd03349e-be51-4073-8a51-e019a7071e7c
TXT-TMP_86dffa68-689b-45fa-80b0-37b3167cd963,461.0948,565.1617,开关00139,0.4088,"rgb(255,255,255)",TMP00132850,TMP_86dffa68-689b-45fa-80b0-37b3167cd963
TXT-TMP_5c9d1618-e440-4e88-94b7-31fb477df038,457.4887,564.2152,配变2264,0.189,"rgb(255,255,255)",TMP00132849,TMP_5c9d1618-e440-4e88-94b7-31fb477df038
TXT-TMP_c650de77-ac85-42c8-b55d-df8cc2352001,458.2998,563.1282,8093683982母,0.0763,"rgb(255,255,255)",TMP00313064,TMP_a0397e37-6b92-4454-8c94-0bd3ed72ec41
TXT-TMP_8641141f-88ec-45e8-bbab-cb720d8d5855,461.7522,548.9922,开关00138,0.4088,"rgb(255,255,255)",TMP00132841,TMP_8641141f-88ec-45e8-bbab-cb720d8d5855
TXT-TMP_8d144c4b-b4ff-40b5-954c-d4f3f5fb96a9,465.8399,548.9922,开关00137,0.4088,"rgb(255,255,255)",TMP00132844,TMP_8d144c4b-b4ff-40b5-954c-d4f3f5fb96a9
TXT-TMP_87772ef3-13d6-4947-ab48-57f4b8a485fe,463.796,548.9922,开关00136,0.4088,"rgb(255,255,255)",TMP00132842,TMP_87772ef3-13d6-4947-ab48-57f4b8a485fe
TXT-TMP_740c85c8-bbb0-4790-b488-d283d15a10bd,463.6296,550.3864,配变2283,0.1679,"rgb(255,255,255)",TMP00132843,TMP_740c85c8-bbb0-4790-b488-d283d15a10bd
TXT-TMP_a021bb75-11f1-4aad-99f7-cc99573730fb,463.0449,546.9594,0317596991母线,0.0734,"rgb(255,255,255)",TMP00313065,TMP_a0397e37-6b92-4454-8c94-0bd3ed72ec41
TXT-TMP_5c3aa745-e5d4-421b-af35-43fa8ae5d32a,492.7442,546.4191,开关00109,0.4088,"rgb(255,255,255)",TMP00132807,TMP_5c3aa745-e5d4-421b-af35-43fa8ae5d32a
TXT-TMP_8cf29974-582d-49d2-b56b-ebd565204159,494.788,546.4191,开关00108,0.4088,"rgb(255,255,255)",TMP00132808,TMP_8cf29974-582d-49d2-b56b-ebd565204159
TXT-TMP_3c3fd26b-1488-4de7-9600-d4e4b20a5e7a,496.8319,546.4191,开关00107,0.4088,"rgb(255,255,255)",TMP00132810,TMP_3c3fd26b-1488-4de7-9600-d4e4b20a5e7a
TXT-TMP_bebc3aa6-27b7-4ab9-b044-5b08ee838b8e,493.238,545.1684,配变2285,0.189,"rgb(255,255,255)",TMP00132809,TMP_bebc3aa6-27b7-4ab9-b044-5b08ee838b8e
TXT-TMP_93ea3b9f-43b7-4da1-9359-e1a93fcad58c,444.9808,447.3964,开关00153,0.4088,"rgb(255,255,255)",TMP00132653,TMP_93ea3b9f-43b7-4da1-9359-e1a93fcad58c
TXT-TMP_ecced7c9-a5c0-4de8-87e0-22f9d3cabf1d,447.0247,447.3964,开关00152,0.4088,"rgb(255,255,255)",TMP00132654,TMP_ecced7c9-a5c0-4de8-87e0-22f9d3cabf1d
TXT-TMP_ebabf0ee-b04f-4bdf-9e81-ca0736fcb61c,449.0686,447.3964,开关00151,0.4088,"rgb(255,255,255)",TMP00132656,TMP_ebabf0ee-b04f-4bdf-9e81-ca0736fcb61c
TXT-TMP_eeda7995-66b8-469e-a30e-7e2b02121dfa,446.8999,448.8117,配变2268,0.189,"rgb(255,255,255)",TMP00132655,TMP_eeda7995-66b8-469e-a30e-7e2b02121dfa
TXT-TMP_c322bc3d-76ff-4e4e-adc5-1c4d1e6279db,435.1793,452.9477,开关00112,0.4088,"rgb(255,255,255)",TMP00132635,TMP_c322bc3d-76ff-4e4e-adc5-1c4d1e6279db
TXT-TMP_43e6122b-fa68-4d76-a880-3845aae61562,439.267,452.9477,开关00111,0.4088,"rgb(255,255,255)",TMP00132638,TMP_43e6122b-fa68-4d76-a880-3845aae61562
TXT-TMP_a75adf7d-2907-44d9-9864-b7ee2b6f7649,437.2231,452.9477,开关00110,0.4088,"rgb(255,255,255)",TMP00132636,TMP_a75adf7d-2907-44d9-9864-b7ee2b6f7649
TXT-TMP_c78acb43-6864-437e-a59e-b951c2a36d67,435.6669,451.788,配变2286,0.189,"rgb(255,255,255)",TMP00132637,TMP_c78acb43-6864-437e-a59e-b951c2a36d67
TXT-TMP_ef251518-cffd-4ad9-9571-56f6559e06d4,451.3314,456.2145,开关00135,0.3777,"rgb(255,255,255)",TMP00132606,TMP_ef251518-cffd-4ad9-9571-56f6559e06d4
TXT-TMP_743a1c67-b25f-40e6-a992-9005c1509ec9,453.2202,456.2145,开关00134,0.3777,"rgb(255,255,255)",TMP00132607,TMP_743a1c67-b25f-40e6-a992-9005c1509ec9
TXT-TMP_ce5cb94b-37a0-4da5-8184-2482abb1cba6,456.9977,456.2145,开关00133,0.3777,"rgb(255,255,255)",TMP00132611,TMP_ce5cb94b-37a0-4da5-8184-2482abb1cba6
TXT-TMP_bdd25b74-093e-4326-ab17-bab73b62ba4e,455.1089,456.2145,开关00132,0.3777,"rgb(255,255,255)",TMP00132609,TMP_bdd25b74-093e-4326-ab17-bab73b62ba4e
TXT-TMP_50eb1e40-ec07-4185-bfad-eccc530e2e7c,458.8864,456.2145,开关00131,0.3777,"rgb(255,255,255)",TMP00132613,TMP_50eb1e40-ec07-4185-bfad-eccc530e2e7c
TXT-TMP_e7744cc3-74a2-4c1f-8b20-c26f5c224ae9,453.1206,457.5152,配变2280,0.1827,"rgb(255,255,255)",TMP00132608,TMP_e7744cc3-74a2-4c1f-8b20-c26f5c224ae9
TXT-TMP_0c8c87b5-bbda-4ce2-a159-6481459377bb,456.8981,457.5304,配变2281,0.1827,"rgb(255,255,255)",TMP00132612,TMP_0c8c87b5-bbda-4ce2-a159-6481459377bb
TXT-TMP_d27c9b53-3b51-4fae-bb9c-ddd675db19a8,454.774,457.5304,配变2282,0.1827,"rgb(255,255,255)",TMP00132610,TMP_d27c9b53-3b51-4fae-bb9c-ddd675db19a8
TXT-TMP_eaf12c9c-cffe-4505-8723-476a20c3a5b3,454.4148,454.3328,0317595347母线,0.0799,"rgb(255,255,255)",TMP00313066,TMP_df0ade00-aada-47a1-be0a-c3062f8ecf74
TXT-TMP_b0cd86a4-8bcd-4fb6-97b2-8f209321ecc5,434.8721,460.6379,开关00156,0.4088,"rgb(255,255,255)",TMP00132585,TMP_b0cd86a4-8bcd-4fb6-97b2-8f209321ecc5
TXT-TMP_9599388f-5df5-4f0f-b7e0-5bb138867609,438.9599,460.6379,开关00155,0.4088,"rgb(255,255,255)",TMP00132588,TMP_9599388f-5df5-4f0f-b7e0-5bb138867609
TXT-TMP_2f7c4b76-e3c8-4e6b-9fb9-89ac6d19ce0d,436.916,460.6379,开关00154,0.4088,"rgb(255,255,255)",TMP00132586,TMP_2f7c4b76-e3c8-4e6b-9fb9-89ac6d19ce0d
TXT-TMP_19cfa81e-c96a-43e8-bdfc-47eef5bee44a,436.7626,462.0387,配变2269,0.1745,"rgb(255,255,255)",TMP00132587,TMP_19cfa81e-c96a-43e8-bdfc-47eef5bee44a
TXT-TMP_b8ed42ed-e019-455c-b8bd-ce5e2cff60e4,436.1649,458.6044,0315933707母线,0.0763,"rgb(255,255,255)",TMP00313067,TMP_df0ade00-aada-47a1-be0a-c3062f8ecf74
TXT-TMP_160e2a34-32fc-4a9d-aa91-798e4097149f,457.046,467.5567,开关00202,0.4468,"rgb(255,255,255)",TMP00132575,TMP_160e2a34-32fc-4a9d-aa91-798e4097149f
TXT-TMP_f5cee699-d76f-48f8-8b72-e00f828550a9,459.2799,467.5567,开关00201,0.4468,"rgb(255,255,255)",TMP00132576,TMP_f5cee699-d76f-48f8-8b72-e00f828550a9
TXT-TMP_84079f71-1be0-4122-ac2c-664c810fc37c,457.9137,469.0869,配变2295,0.4468,"rgb(255,255,255)",TMP00132577,TMP_84079f71-1be0-4122-ac2c-664c810fc37c
TXT-TMP_f9fdf489-d181-49ef-9c2e-d8e934a334e0,436.4837,469.6084,开关00175,0.4088,"rgb(255,255,255)",TMP00132658,TMP_f9fdf489-d181-49ef-9c2e-d8e934a334e0
TXT-TMP_c74e4ad0-a3d5-424f-9f22-f05ac09e375a,434.4398,469.6084,开关00174,0.4088,"rgb(255,255,255)",TMP00132657,TMP_c74e4ad0-a3d5-424f-9f22-f05ac09e375a
TXT-TMP_499050c2-ac23-4c5e-9c2f-98e5237d6020,438.5275,469.6084,开关00173,0.4088,"rgb(255,255,255)",TMP00132660,TMP_499050c2-ac23-4c5e-9c2f-98e5237d6020
TXT-TMP_bb17432e-9e21-450b-897d-eedfa7726b77,434.9636,468.5657,配变2307,0.189,"rgb(255,255,255)",TMP00132659,TMP_bb17432e-9e21-450b-897d-eedfa7726b77
TXT-TMP_ccb8b541-a799-4517-a85e-eda4953e54ef,420.235,483.2982,开关00147,0.4088,"rgb(255,255,255)",TMP00132617,TMP_ccb8b541-a799-4517-a85e-eda4953e54ef
TXT-TMP_985b39aa-d411-4345-8412-0b7bd5770051,416.1473,483.2982,开关00146,0.4088,"rgb(255,255,255)",TMP00132614,TMP_985b39aa-d411-4345-8412-0b7bd5770051
TXT-TMP_96867497-b7e5-4c54-8bd9-b966813a1739,418.1911,483.2982,开关00145,0.4088,"rgb(255,255,255)",TMP00132615,TMP_96867497-b7e5-4c54-8bd9-b966813a1739
TXT-TMP_4bc0f6cb-360c-4d8a-9c3a-94e2f1446e14,418.4991,484.9333,配变2266,0.4088,"rgb(255,255,255)",TMP00132616,TMP_4bc0f6cb-360c-4d8a-9c3a-94e2f1446e14
TXT-TMP_439d800e-0b61-4ffe-869f-2fb89fc987be,417.44,481.2647,最平环必低容母线,0.0763,"rgb(255,255,255)",TMP00313068,TMP_df0ade00-aada-47a1-be0a-c3062f8ecf74
TXT-TMP_12f47bf1-6762-455d-9c65-9615cfe695c0,475.78,488.3707,开关00165,0.4088,"rgb(255,255,255)",TMP00132639,TMP_12f47bf1-6762-455d-9c65-9615cfe695c0
TXT-TMP_61c76955-4259-42f7-b656-69946a0d7ff3,479.8677,488.3707,开关00164,0.4088,"rgb(255,255,255)",TMP00132642,TMP_61c76955-4259-42f7-b656-69946a0d7ff3
TXT-TMP_95cd1244-1715-4844-98db-dd94ddf9c697,477.8238,488.3707,开关00163,0.4088,"rgb(255,255,255)",TMP00132640,TMP_95cd1244-1715-4844-98db-dd94ddf9c697
TXT-TMP_42335365-a873-4ab7-b5e3-9ef9259bdb8d,477.8229,489.8489,配变2276,0.2519,"rgb(255,255,255)",TMP00132641,TMP_42335365-a873-4ab7-b5e3-9ef9259bdb8d
TXT-TMP_24c06b66-c64d-41ff-9d50-bcbf4db1face,464.7449,480.5888,开关00130,0.4088,"rgb(255,255,255)",TMP00132631,TMP_24c06b66-c64d-41ff-9d50-bcbf4db1face
TXT-TMP_5aa11a17-ceaf-431f-8529-87f2002b67c4,466.7887,480.5888,开关00129,0.4088,"rgb(255,255,255)",TMP00132632,TMP_5aa11a17-ceaf-431f-8529-87f2002b67c4
TXT-TMP_e21cb9a7-b5bb-4656-a69c-ed332931fe78,468.8327,480.5888,开关00128,0.4088,"rgb(255,255,255)",TMP00132634,TMP_e21cb9a7-b5bb-4656-a69c-ed332931fe78
TXT-TMP_2d2f954e-550d-47d8-85f7-dc4ce034629a,465.3077,482.3925,配变2292,0.4088,"rgb(255,255,255)",TMP00132633,TMP_2d2f954e-550d-47d8-85f7-dc4ce034629a
TXT-TMP_99a0df5d-fcc6-4a23-a1c1-c17a8abb5a74,465.6963,502.8419,开关00159,0.4088,"rgb(255,255,255)",TMP00132650,TMP_99a0df5d-fcc6-4a23-a1c1-c17a8abb5a74
TXT-TMP_e7bad61e-6616-44fa-8508-26f91fc64e66,463.6524,502.8419,开关00158,0.4088,"rgb(255,255,255)",TMP00132649,TMP_e7bad61e-6616-44fa-8508-26f91fc64e66
TXT-TMP_3cd40b6b-0f85-4fd8-afb0-157b9c1296f1,467.7402,502.8419,开关00157,0.4088,"rgb(255,255,255)",TMP00132652,TMP_3cd40b6b-0f85-4fd8-afb0-157b9c1296f1
TXT-TMP_60aad1f5-b544-44b2-9d9b-f3bb8e7dba92,465.5715,504.2572,配变2270,0.189,"rgb(255,255,255)",TMP00132651,TMP_60aad1f5-b544-44b2-9d9b-f3bb8e7dba92
TXT-TMP_85989403-972e-40d5-83fb-363a7e1fa4eb,426.4367,497.6623,开关00200,0.4443,"rgb(255,255,255)",TMP00132548,TMP_85989403-972e-40d5-83fb-363a7e1fa4eb
TXT-TMP_92e0190b-2069-420e-8315-2cb7671e8269,428.6582,497.6623,开关00199,0.4443,"rgb(255,255,255)",TMP00132549,TMP_92e0190b-2069-420e-8315-2cb7671e8269
TXT-TMP_12f3543a-51ba-4e65-b80c-63c4286580fd,426.9853,497.5733,配变2294,0.1365,"rgb(255,255,255)",TMP00132550,TMP_12f3543a-51ba-4e65-b80c-63c4286580fd
TXT-TMP_3a08475e-c6a4-4767-b955-3b8f29cb8c22,408.6884,517.5065,开关00239,0.3777,"rgb(255,255,255)",TMP00132521,TMP_3a08475e-c6a4-4767-b955-3b8f29cb8c22
TXT-TMP_1f6f80ee-d527-45a3-96bb-9ed9c18732bf,403.0221,517.5065,开关00238,0.3777,"rgb(255,255,255)",TMP00132515,TMP_1f6f80ee-d527-45a3-96bb-9ed9c18732bf
TXT-TMP_b3dd3514-2827-4365-b9c2-a3710c1b1785,404.9109,517.5065,开关00237,0.3777,"rgb(255,255,255)",TMP00132517,TMP_b3dd3514-2827-4365-b9c2-a3710c1b1785
TXT-TMP_025e0996-703c-41af-b100-81c3c2421060,406.7996,517.5065,开关00236,0.3777,"rgb(255,255,255)",TMP00132519,TMP_025e0996-703c-41af-b100-81c3c2421060
TXT-TMP_278f4a89-47ac-4848-93e4-5399161e5c92,401.1334,517.5065,开关00235,0.3777,"rgb(255,255,255)",TMP00132514,TMP_278f4a89-47ac-4848-93e4-5399161e5c92
TXT-TMP_6bda14e6-935f-4408-b4df-5bc3c365b907,414.455,530.8648,开关00234,0.2605,"rgb(255,255,255)",TMP00132527,TMP_6bda14e6-935f-4408-b4df-5bc3c365b907
TXT-TMP_882336e8-49ed-4af0-9c7c-b01917d7c62f,411.85,530.8648,开关00233,0.2605,"rgb(255,255,255)",TMP00132523,TMP_882336e8-49ed-4af0-9c7c-b01917d7c62f
TXT-TMP_0761d2a4-933a-41ef-94d0-01b740e0a802,410.5475,530.8648,开关00232,0.2605,"rgb(255,255,255)",TMP00132522,TMP_0761d2a4-933a-41ef-94d0-01b740e0a802
TXT-TMP_f8ae2c5c-d1ac-4e79-ae96-73e7760d20e5,413.1525,530.8648,开关00231,0.2605,"rgb(255,255,255)",TMP00132525,TMP_f8ae2c5c-d1ac-4e79-ae96-73e7760d20e5
TXT-TMP_884593c1-a6dc-4eaa-9864-029ed5c6a6de,367.8938,553.3285,开关00242,0.4088,"rgb(255,255,255)",TMP00132946,TMP_884593c1-a6dc-4eaa-9864-029ed5c6a6de
TXT-TMP_ff2069b0-059a-4481-86ab-32a3d5ac605b,369.9377,553.3285,开关00241,0.4088,"rgb(255,255,255)",TMP00132948,TMP_ff2069b0-059a-4481-86ab-32a3d5ac605b
TXT-TMP_057cff41-8101-4aa8-ba02-e29ac49d253f,365.85,553.3285,开关00240,0.4088,"rgb(255,255,255)",TMP00132945,TMP_057cff41-8101-4aa8-ba02-e29ac49d253f
TXT-TMP_3905bac1-c76b-4f8a-b57e-91195f52e189,367.6552,554.686,配变2330,0.1312,"rgb(255,255,255)",TMP00132947,TMP_3905bac1-c76b-4f8a-b57e-91195f52e189
TXT-TMP_c78df71e-2092-4398-9520-b603c3d78eca,413.1309,547.9538,开关00262,0.0875,"rgb(255,255,255)",TMP00132910,TMP_c78df71e-2092-4398-9520-b603c3d78eca
TXT-TMP_7f385bf3-ed4b-4f9a-82e3-d5c631e89b33,410.9062,547.9538,开关00261,0.0875,"rgb(255,255,255)",TMP00132908,TMP_7f385bf3-ed4b-4f9a-82e3-d5c631e89b33
TXT-TMP_778f1db5-c67b-4d31-a970-99d903a9a3b8,409.0432,547.9538,开关00260,0.0875,"rgb(255,255,255)",TMP00132907,TMP_778f1db5-c67b-4d31-a970-99d903a9a3b8
TXT-TMP_562874be-6e41-4fc3-a957-c4b41582fa7f,410.3714,550.0424,配变2327,0.4088,"rgb(255,255,255)",TMP00132909,TMP_562874be-6e41-4fc3-a957-c4b41582fa7f
TXT-TMP_605919fd-68b5-48f8-a169-0eb9b52a3ae2,410.7425,546.614,却治导真变电所1母线,0.0574,"rgb(255,255,255)",TMP00313069,TMP_fdf1fe95-526a-42bf-99d7-d754c762342e
TXT-TMP_48ce3fa3-ad0a-4339-b734-2e84db79ecc8,415.3388,564.8256,开关00249,0.4088,"rgb(255,255,255)",TMP00132902,TMP_48ce3fa3-ad0a-4339-b734-2e84db79ecc8
TXT-TMP_a2da8711-397d-4349-a17a-470f7758c7af,413.295,564.8256,开关00248,0.4088,"rgb(255,255,255)",TMP00132901,TMP_a2da8711-397d-4349-a17a-470f7758c7af
TXT-TMP_1e73bbc8-47ef-4f6b-93d4-cbb6dc4a11e4,417.3827,564.8256,开关00247,0.4088,"rgb(255,255,255)",TMP00132904,TMP_1e73bbc8-47ef-4f6b-93d4-cbb6dc4a11e4
TXT-TMP_7523996a-8013-4014-9708-f1ab1705531f,415.1218,566.1941,配变2333,0.1422,"rgb(255,255,255)",TMP00132903,TMP_7523996a-8013-4014-9708-f1ab1705531f
TXT-TMP_61167d24-19b8-4424-84c5-9f832f038ab0,414.5877,562.7971,却治导真变电所2母线,0.0574,"rgb(255,255,255)",TMP00313070,TMP_fdf1fe95-526a-42bf-99d7-d754c762342e
TXT-TMP_294ee428-7cfc-4f28-980a-b2a1dd6c1c2a,426.0811,549.4509,开关00246,0.3894,"rgb(255,255,255)",TMP00132885,TMP_294ee428-7cfc-4f28-980a-b2a1dd6c1c2a
TXT-TMP_0a249d46-7ee4-4734-83f0-d84ddd8980da,422.1873,549.4509,开关00245,0.3894,"rgb(255,255,255)",TMP00132882,TMP_0a249d46-7ee4-4734-83f0-d84ddd8980da
TXT-TMP_c3a4822a-478f-42d8-8516-07b85a2addd4,424.1342,549.4509,开关00244,0.3894,"rgb(255,255,255)",TMP00132883,TMP_c3a4822a-478f-42d8-8516-07b85a2addd4
TXT-TMP_3cf5c6ca-f431-405c-9930-0aa9615bae4a,427.9064,549.4509,开关00243,0.3894,"rgb(255,255,255)",TMP00132887,TMP_3cf5c6ca-f431-405c-9930-0aa9615bae4a
TXT-TMP_73b6835e-90cb-40c3-900d-bc2d44e439c4,424.6777,549.585,配变2331,0.172,"rgb(255,255,255)",TMP00132886,TMP_73b6835e-90cb-40c3-900d-bc2d44e439c4
TXT-TMP_4338edc4-1fb3-4231-bc2e-aee1bd7b0399,422.7308,549.585,配变2332,0.172,"rgb(255,255,255)",TMP00132884,TMP_4338edc4-1fb3-4231-bc2e-aee1bd7b0399
TXT-TMP_8856f11c-645e-45f8-9498-36cf6bc28ae6,506.7985,518.4859,开关00253,0.3894,"rgb(255,255,255)",TMP00132668,TMP_8856f11c-645e-45f8-9498-36cf6bc28ae6
TXT-TMP_f4bf16cd-b760-47fd-9679-c89a22f0e720,508.6237,518.5066,开关00252,0.3894,"rgb(255,255,255)",TMP00132669,TMP_f4bf16cd-b760-47fd-9679-c89a22f0e720
TXT-TMP_dee24f97-56ce-48ea-8fb8-bf8a3780495f,510.6923,518.4859,开关00251,0.3894,"rgb(255,255,255)",TMP00132671,TMP_dee24f97-56ce-48ea-8fb8-bf8a3780495f
TXT-TMP_5ca2d369-0037-4648-a45f-103870a9ed31,512.6392,518.4859,开关00250,0.3894,"rgb(255,255,255)",TMP00132673,TMP_5ca2d369-0037-4648-a45f-103870a9ed31
TXT-TMP_418c3360-8b24-4ba1-9b73-0542e66eb3a2,507.3039,517.4152,配变2334,0.204,"rgb(255,255,255)",TMP00132670,TMP_418c3360-8b24-4ba1-9b73-0542e66eb3a2
TXT-TMP_76d74ecf-9cc8-4c6d-8bf0-cb42c9e7387d,509.2508,517.4152,配变2335,0.204,"rgb(255,255,255)",TMP00132672,TMP_76d74ecf-9cc8-4c6d-8bf0-cb42c9e7387d
TXT-TMP_436beb08-e3d1-4a35-a61b-3d4b1cfc507e,453.1395,485.7173,开关00256,0.4088,"rgb(255,255,255)",TMP00132589,TMP_436beb08-e3d1-4a35-a61b-3d4b1cfc507e
TXT-TMP_1aaa4e75-7123-4fb0-8960-f9560e6728a6,455.1833,485.7173,开关00255,0.4088,"rgb(255,255,255)",TMP00132590,TMP_1aaa4e75-7123-4fb0-8960-f9560e6728a6
TXT-TMP_73e55ccf-c975-481d-89af-ace1300806f6,457.2272,485.7173,开关00254,0.4088,"rgb(255,255,255)",TMP00132592,TMP_73e55ccf-c975-481d-89af-ace1300806f6
TXT-TMP_39eb21f6-303f-484e-9b4f-bdfa0345a054,453.795,484.7512,配变2336,0.4088,"rgb(255,255,255)",TMP00132591,TMP_39eb21f6-303f-484e-9b4f-bdfa0345a054
TXT-TMP_7491a52b-c251-42ba-8499-74602eb325ca,374.5123,518.9144,开关00226,0.3778,"rgb(255,255,255)",TMP00132459,TMP_7491a52b-c251-42ba-8499-74602eb325ca
TXT-TMP_41c99b11-ed9c-4b6a-af06-aafa97610eb4,368.8453,518.9144,开关00225,0.3778,"rgb(255,255,255)",TMP00132456,TMP_41c99b11-ed9c-4b6a-af06-aafa97610eb4
TXT-TMP_835946ed-041b-406e-97e3-24a5b065efae,376.4013,518.9144,开关00224,0.3778,"rgb(255,255,255)",TMP00132461,TMP_835946ed-041b-406e-97e3-24a5b065efae
TXT-TMP_a4bea43d-aa62-44a0-8649-173a0113a4ad,372.6233,518.9144,开关00223,0.3778,"rgb(255,255,255)",TMP00132458,TMP_a4bea43d-aa62-44a0-8649-173a0113a4ad
TXT-TMP_fc1e3b4e-3e37-4859-8f2d-8f168e917bec,373.1435,519.8047,配变2310,0.3778,"rgb(255,255,255)",TMP00132460,TMP_fc1e3b4e-3e37-4859-8f2d-8f168e917bec
TXT-TMP_e92470bb-e6f3-48c1-8705-a0876fbd2605,369.3289,518.7137,配变2311,0.199,"rgb(255,255,255)",TMP00132457,TMP_e92470bb-e6f3-48c1-8705-a0876fbd2605
TXT-TMP_fe6b08a7-6702-4fb3-b3a9-a8f63e47894c,311.9143,503.9408,站房 000085,0.5396,"rgb(255,255,255)",TMP00313071,TMP_fe6b08a7-6702-4fb3-b3a9-a8f63e47894c
TXT-TMP_f5b05c60-f575-4be6-8774-2039c1aa7e2a,327.0705,503.9408,站房 000080,0.5396,"rgb(255,255,255)",TMP00313072,TMP_f5b05c60-f575-4be6-8774-2039c1aa7e2a
TXT-TMP_6105153e-8f50-481e-bf72-70e594d0228b,351.3769,503.9408,站房 000079,0.5396,"rgb(255,255,255)",TMP00313073,TMP_6105153e-8f50-481e-bf72-70e594d0228b
TXT-TMP_4bc0bdab-94e7-4bf0-a610-4346b5968173,348.0391,474.9508,站房 000083,0.5396,"rgb(255,255,255)",TMP00313074,TMP_4bc0bdab-94e7-4bf0-a610-4346b5968173
TXT-TMP_e43556b0-1d3e-4814-a8b5-e56c37641bb3,367.2803,503.9408,站房 000077,0.5396,"rgb(255,255,255)",TMP00313075,TMP_e43556b0-1d3e-4814-a8b5-e56c37641bb3
TXT-TMP_291e4c0b-0c6c-41e2-bb08-ae99c9f20ce6,382.4365,503.9408,站房 000076,0.5396,"rgb(255,255,255)",TMP00313076,TMP_291e4c0b-0c6c-41e2-bb08-ae99c9f20ce6
TXT-TMP_bb2e9431-31ce-43b4-81cf-bf257aa8e4d6,398.7378,501.4711,站房 000081,0.5396,"rgb(255,255,255)",TMP00313077,TMP_bb2e9431-31ce-43b4-81cf-bf257aa8e4d6
TXT-TMP_5f144896-ab33-4a24-8a3d-b2b152ecc460,498.6338,485.6841,站房 000082,0.5396,"rgb(255,255,255)",TMP00313078,TMP_5f144896-ab33-4a24-8a3d-b2b152ecc460
TXT-TMP_f8dad5fe-c222-4569-9244-3f568b6020d9,519.8285,501.9484,站房 000086,0.5396,"rgb(255,255,255)",TMP00313079,TMP_f8dad5fe-c222-4569-9244-3f568b6020d9
TXT-TMP_a3dc8756-f534-421e-b8ff-08879223eea4,379.8985,533.9162,站房 000084,0.5396,"rgb(255,255,255)",TMP00313080,TMP_a3dc8756-f534-421e-b8ff-08879223eea4
TXT-TMP_cd6a6c22-7bed-474a-9753-6b1c23b6f507,375.5989,493.7197,站房 000078,0.5396,"rgb(255,255,255)",TMP00313081,TMP_cd6a6c22-7bed-474a-9753-6b1c23b6f507
TXT-TMP_72ca2832-e56f-4cfa-b245-949d89cd464d,319.4027,493.7294,站房 000028,0.5396,"rgb(255,255,255)",TMP00313082,TMP_72ca2832-e56f-4cfa-b245-949d89cd464d
TXT-TMP_2d9e7969-1595-4413-8e80-bfaf6bb04019,330.059,516.7419,站房 000029,0.5396,"rgb(255,255,255)",TMP00313083,TMP_2d9e7969-1595-4413-8e80-bfaf6bb04019
TXT-TMP_bfdc3d57-40b3-4aa7-9598-104994f6deae,345.0506,461.6222,站房 000063,0.5396,"rgb(255,255,255)",TMP00313084,TMP_bfdc3d57-40b3-4aa7-9598-104994f6deae
TXT-TMP_0e6e3cd7-f837-4701-a1df-60e26f56bc20,350.5296,448.3201,站房 000064,0.5396,"rgb(255,255,255)",TMP00313085,TMP_0e6e3cd7-f837-4701-a1df-60e26f56bc20
TXT-TMP_cb1de145-d8ca-4272-88c5-24fbaccc0472,486.3379,486.8463,站房 000032,0.5396,"rgb(255,255,255)",TMP00313086,TMP_cb1de145-d8ca-4272-88c5-24fbaccc0472
TXT-TMP_58562c7e-a65a-490b-8bd4-474b55756101,534.1531,501.0855,站房 000071,0.5396,"rgb(255,255,255)",TMP00313087,TMP_58562c7e-a65a-490b-8bd4-474b55756101
TXT-TMP_81ea0271-ca9b-46bb-a3df-9188df4924d6,394.0865,566.5353,站房 000051,0.5396,"rgb(255,255,255)",TMP00313088,TMP_81ea0271-ca9b-46bb-a3df-9188df4924d6
TXT-TMP_4498d3ae-5b5a-4a6b-b54d-96708089c003,430.1778,562.5486,站房 000039,0.5396,"rgb(255,255,255)",TMP00313089,TMP_4498d3ae-5b5a-4a6b-b54d-96708089c003
TXT-TMP_b7badb3c-0aed-48fc-b064-9dbcc8ee78a8,447.2622,547.9915,站房 000065,0.5396,"rgb(255,255,255)",TMP00313090,TMP_b7badb3c-0aed-48fc-b064-9dbcc8ee78a8
TXT-TMP_bf659fed-4c37-4dbd-9b9a-a3462bea2fee,458.2998,563.0437,站房 000052,0.5396,"rgb(255,255,255)",TMP00313091,TMP_bf659fed-4c37-4dbd-9b9a-a3462bea2fee
TXT-TMP_86653cd5-7bae-4a47-bc99-8aa4c5e3917e,463.0449,546.8812,站房 000036,0.5396,"rgb(255,255,255)",TMP00313092,TMP_86653cd5-7bae-4a47-bc99-8aa4c5e3917e
TXT-TMP_bf22b8eb-3457-457f-81ae-c27dde0eec9b,494.0369,544.3012,站房 000034,0.5396,"rgb(255,255,255)",TMP00313093,TMP_bf22b8eb-3457-457f-81ae-c27dde0eec9b
TXT-TMP_837dd140-61f8-42c7-ad40-328dd777bddb,446.2736,445.2784,站房 000048,0.5396,"rgb(255,255,255)",TMP00313094,TMP_837dd140-61f8-42c7-ad40-328dd777bddb
TXT-TMP_249131ad-759a-4cb6-a04e-070f067de83a,436.4721,450.8368,站房 000033,0.5396,"rgb(255,255,255)",TMP00313095,TMP_249131ad-759a-4cb6-a04e-070f067de83a
TXT-TMP_e9b954e0-0fbe-4229-a8e8-1d42d789425a,454.4148,454.2439,站房 000037,0.5396,"rgb(255,255,255)",TMP00313096,TMP_e9b954e0-0fbe-4229-a8e8-1d42d789425a
TXT-TMP_b0619b64-6327-45ac-a52d-25f2cfd86b08,436.1649,458.52,站房 000047,0.5396,"rgb(255,255,255)",TMP00313097,TMP_b0619b64-6327-45ac-a52d-25f2cfd86b08
TXT-TMP_b5fa302a-959c-470e-beea-84bcfbea5366,457.342,464.6036,站房 000073,0.5396,"rgb(255,255,255)",TMP00313098,TMP_b5fa302a-959c-470e-beea-84bcfbea5366
TXT-TMP_734ea3cc-4578-48c5-99e5-5f28206207ce,435.7325,467.4905,站房 000061,0.5396,"rgb(255,255,255)",TMP00313099,TMP_734ea3cc-4578-48c5-99e5-5f28206207ce
TXT-TMP_cf55d8a2-8876-49e7-ba50-91558008ea5e,417.44,481.1802,站房 000050,0.5396,"rgb(255,255,255)",TMP00313100,TMP_cf55d8a2-8876-49e7-ba50-91558008ea5e
TXT-TMP_96539df1-c385-4ae7-8978-78065406d583,477.0727,486.2527,站房 000040,0.5396,"rgb(255,255,255)",TMP00313101,TMP_96539df1-c385-4ae7-8978-78065406d583
TXT-TMP_59f8c975-e5a5-45f0-86db-a39fae27c87b,466.0376,477.8164,站房 000027,0.5396,"rgb(255,255,255)",TMP00313102,TMP_59f8c975-e5a5-45f0-86db-a39fae27c87b
TXT-TMP_1429131d-c95f-4aa1-8fc5-a9ccf6303298,464.9452,500.7239,站房 000046,0.5396,"rgb(255,255,255)",TMP00313103,TMP_1429131d-c95f-4aa1-8fc5-a9ccf6303298
TXT-TMP_f1c434dc-9234-4dc2-850b-734b06e7a616,426.7311,494.7212,站房 000074,0.5396,"rgb(255,255,255)",TMP00313104,TMP_f1c434dc-9234-4dc2-850b-734b06e7a616
TXT-TMP_05da798b-2dca-4e52-89ec-e517b70f07b6,404.2168,514.8815,站房 000001,0.5396,"rgb(255,255,255)",TMP00313105,TMP_05da798b-2dca-4e52-89ec-e517b70f07b6
TXT-TMP_d50d6ed1-1a10-405a-8b41-a34a5f1f2634,412.1862,528.7967,站房 000002,0.5396,"rgb(255,255,255)",TMP00313106,TMP_d50d6ed1-1a10-405a-8b41-a34a5f1f2634
TXT-TMP_3595fd86-8479-4479-a7b6-76e40af025ad,367.1427,551.2105,站房 000010,0.5396,"rgb(255,255,255)",TMP00313107,TMP_3595fd86-8479-4479-a7b6-76e40af025ad
TXT-TMP_10259e18-9e9e-4f4f-a0aa-9371211e11f5,410.7425,545.87,站房 000013,0.5396,"rgb(255,255,255)",TMP00313108,TMP_10259e18-9e9e-4f4f-a0aa-9371211e11f5
TXT-TMP_8507c98b-c468-471e-8294-8c09d74515fd,414.5877,562.7076,站房 000008,0.5396,"rgb(255,255,255)",TMP00313109,TMP_8507c98b-c468-471e-8294-8c09d74515fd
TXT-TMP_2ed19d08-caed-4bf7-a2a5-75ee110912a2,424.2705,547.425,站房 000009,0.5396,"rgb(255,255,255)",TMP00313110,TMP_2ed19d08-caed-4bf7-a2a5-75ee110912a2
TXT-TMP_994779a7-5293-447d-80e3-d70c21596a1d,509.0033,516.46,站房 000007,0.5396,"rgb(255,255,255)",TMP00313111,TMP_994779a7-5293-447d-80e3-d70c21596a1d
TXT-TMP_ac12300c-6f8c-41a9-bafc-ee2c7b38c895,454.4322,483.5993,站房 000006,0.5396,"rgb(255,255,255)",TMP00313112,TMP_ac12300c-6f8c-41a9-bafc-ee2c7b38c895
TXT-TMP_f0b6039c-cef4-498f-9809-133a71f18ee1,371.9291,516.2891,站房 000004,0.5396,"rgb(255,255,255)",TMP00313113,TMP_f0b6039c-cef4-498f-9809-133a71f18ee1
TXT-TMP_68ab47f3-6b83-4369-ab26-a0dd1dc49639,512.0732,499.5845,用户1563,0.0769,"rgb(255,255,255)",TMP00313114,TMP_68ab47f3-6b83-4369-ab26-a0dd1dc49639
TXT-TMP_0164123e-4258-4007-86d8-e71b1aba9056,469.8387,559.6982,用户1576,0.0769,"rgb(255,255,255)",TMP00313115,TMP_0164123e-4258-4007-86d8-e71b1aba9056
TXT-TMP_51677332-7fdf-4b45-8dd7-69d136e0d16c,469.4449,560.2956,用户1575,0.0769,"rgb(255,255,255)",TMP00313116,TMP_51677332-7fdf-4b45-8dd7-69d136e0d16c
TXT-TMP_af2db90a-b028-4b4d-b06d-bd0b1f717b72,383.8871,558.239,用户1564,0.0769,"rgb(255,255,255)",TMP00313117,TMP_af2db90a-b028-4b4d-b06d-bd0b1f717b72
TXT-TMP_545eb964-0ac5-408e-9987-ddcc830a6ab1,385.0371,557.0957,用户1565,0.0769,"rgb(255,255,255)",TMP00313118,TMP_545eb964-0ac5-408e-9987-ddcc830a6ab1
TXT-TMP_a0a2c5c8-38d4-41ec-972e-da448287a2b1,388.4149,555.6287,用户1566,0.0769,"rgb(255,255,255)",TMP00313119,TMP_a0a2c5c8-38d4-41ec-972e-da448287a2b1
TXT-TMP_18c22475-67a2-4be8-9874-4e022da6d51a,390.7999,559.1935,用户1567,0.0769,"rgb(255,255,255)",TMP00313120,TMP_18c22475-67a2-4be8-9874-4e022da6d51a
TXT-TMP_aa4202d4-b2dc-4e40-8d67-095ad4ea4718,399.1859,557.1655,用户1569,0.0769,"rgb(255,255,255)",TMP00313121,TMP_aa4202d4-b2dc-4e40-8d67-095ad4ea4718
TXT-TMP_8d3357ae-8841-4e0f-93ee-94ab197cf337,399.433,556.1877,用户1568,0.0769,"rgb(255,255,255)",TMP00313122,TMP_8d3357ae-8841-4e0f-93ee-94ab197cf337
TXT-TMP_2fa33d6b-f685-4d13-8854-f5c69e81ad21,417.9578,550.9312,用户1570,0.0769,"rgb(255,255,255)",TMP00313123,TMP_2fa33d6b-f685-4d13-8854-f5c69e81ad21
TXT-TMP_8a693397-8d60-4a18-85c3-81267d6a3a06,419.4594,557.464,用户1571,0.0769,"rgb(255,255,255)",TMP00313124,TMP_8a693397-8d60-4a18-85c3-81267d6a3a06
TXT-TMP_9cd8d11c-fc75-48f0-aa6f-bbfd429d67ec,435.5386,557.2253,用户1562,0.0769,"rgb(255,255,255)",TMP00313125,TMP_9cd8d11c-fc75-48f0-aa6f-bbfd429d67ec
TXT-TMP_64d79aa3-6245-4762-8eed-25e41e99da5f,436.104,555.8751,用户1572,0.0769,"rgb(255,255,255)",TMP00313126,TMP_64d79aa3-6245-4762-8eed-25e41e99da5f
TXT-TMP_1848e438-09b8-477e-b4b9-710fb8c6cdd0,478.7582,557.1351,用户1578,0.0769,"rgb(255,255,255)",TMP00313127,TMP_1848e438-09b8-477e-b4b9-710fb8c6cdd0
TXT-TMP_f2242bbd-f752-4826-8a9f-f9721ba06707,478.7582,555.6882,用户1577,0.0769,"rgb(255,255,255)",TMP00313128,TMP_f2242bbd-f752-4826-8a9f-f9721ba06707
TXT-TMP_de594081-3534-45d2-8f60-173b199c2513,493.1234,553.911,用户1579,0.0769,"rgb(255,255,255)",TMP00313129,TMP_de594081-3534-45d2-8f60-173b199c2513
TXT-TMP_e89aa8ae-4fd4-445e-a879-aed1178eae5a,437.7266,480.547,用户1581,0.0769,"rgb(255,255,255)",TMP00313130,TMP_e89aa8ae-4fd4-445e-a879-aed1178eae5a
TXT-TMP_dea4219b-45f3-406c-877c-d4a220caafcb,437.0691,478.1491,用户1580,0.0769,"rgb(255,255,255)",TMP00313131,TMP_dea4219b-45f3-406c-877c-d4a220caafcb
TXT-TMP_7203d887-4861-4977-9829-7b122bc8b50c,432.5247,474.6916,用户1582,0.0769,"rgb(255,255,255)",TMP00313132,TMP_7203d887-4861-4977-9829-7b122bc8b50c
TXT-TMP_e4f2b632-edd3-4de9-8f6a-b14b876b0f1a,461.9035,493.9347,用户1583,0.0769,"rgb(255,255,255)",TMP00313133,TMP_e4f2b632-edd3-4de9-8f6a-b14b876b0f1a
TXT-TMP_d595197b-0b91-4591-a2f0-3b7e18cdbcf6,460.5082,494.0635,用户1584,0.0769,"rgb(255,255,255)",TMP00313134,TMP_d595197b-0b91-4591-a2f0-3b7e18cdbcf6
TXT-TMP_a932578e-e82d-4799-af7c-3b206fab2a49,419.4547,509.0645,用户1585,0.0769,"rgb(255,255,255)",TMP00313135,TMP_a932578e-e82d-4799-af7c-3b206fab2a49
TXT-TMP_180b813b-09f3-4280-aceb-0438ed850e02,415.6255,503.5609,用户1586,0.0769,"rgb(255,255,255)",TMP00313136,TMP_180b813b-09f3-4280-aceb-0438ed850e02
TXT-TMP_c844d6af-129b-4fbf-a577-5a74f6d0487d,358.0094,520.9623,用户1611,0.1754,"rgb(255,255,255)",TMP00313176,TMP_c844d6af-129b-4fbf-a577-5a74f6d0487d
TXT-TMP_72b19996-8a61-4fa3-8ed0-103b13850951,360.2872,522.1882,开关00212,0.1599,"rgb(255,255,255)",TMP00132445,TMP_72b19996-8a61-4fa3-8ed0-103b13850951
TXT-TMP_67e3324e-9587-459c-8813-0dbc2284df4a,362.3311,522.1882,开关00211,0.1599,"rgb(255,255,255)",TMP00132446,TMP_67e3324e-9587-459c-8813-0dbc2284df4a
TXT-TMP_ded7f0e5-fe40-4213-bf0e-dad465acf581,364.3749,522.1882,开关00210,0.1599,"rgb(255,255,255)",TMP00132448,TMP_ded7f0e5-fe40-4213-bf0e-dad465acf581
TXT-TMP_21daae5e-c845-4c17-93a4-a61f9f23fe35,362.9497,523.3805,配变2321,0.109,"rgb(255,255,255)",TMP00132447,TMP_21daae5e-c845-4c17-93a4-a61f9f23fe35
TXT-TMP_274edb26-71f2-4730-9bf9-f01968955854,361.9145,521.3132,SUB010_(行县)织始速常个行者劳(著长2)母线,0.0763,"rgb(255,255,255)",TMP00313177,TMP_fc1e3b4e-3e37-4859-8f2d-8f168e917bec
TXT-TMP_0ce8d53d-82db-4ffd-9004-6096f6b4efb5,362.1197,520.9806,站房 000022,0.1314,"rgb(255,255,255)",TMP00313178,TMP_0ce8d53d-82db-4ffd-9004-6096f6b4efb5
TXT-TMP_b294b590-dccc-40a0-81d7-52b0e71f521d,436.9922,474.8606,刀闸0019,0.0769,"rgb(255,255,255)",TMP00132647,TMP_b294b590-dccc-40a0-81d7-52b0e71f521d
TXT-TMP_ff2d39d2-56fd-43f6-9d37-9cd57b23d348,447.1301,555.2937,刀闸0018,0.0769,"rgb(255,255,255)",TMP00132858,TMP_ff2d39d2-56fd-43f6-9d37-9cd57b23d348
TXT-TMP_97082a49-ff3b-4e11-b44a-4e0e52df6ee9,333.9655,498.349,开关00172,0.4088,"rgb(255,255,255)",TMP00132389,TMP_97082a49-ff3b-4e11-b44a-4e0e52df6ee9
TXT-TMP_724b2823-a05e-4550-98aa-510aa4dc0c33,338.0532,498.349,开关00171,0.4088,"rgb(255,255,255)",TMP00132392,TMP_724b2823-a05e-4550-98aa-510aa4dc0c33
TXT-TMP_08163f97-14ed-4366-bb33-154cc76f3a51,336.0094,498.349,开关00170,0.4088,"rgb(255,255,255)",TMP00132390,TMP_08163f97-14ed-4366-bb33-154cc76f3a51
TXT-TMP_e94e670d-f72a-471b-9be2-9f9eb9111403,336.3174,499.984,配变2279,0.4088,"rgb(255,255,255)",TMP00132391,TMP_e94e670d-f72a-471b-9be2-9f9eb9111403
TXT-TMP_0b2dfeb3-a84d-48ce-8670-127b238dfa73,335.2583,496.3162,歌咱母民急书箱变母线,0.0734,"rgb(255,255,255)",TMP00313182,TMP_350d4db8-81f5-428e-8058-388cebbce60d
TXT-TMP_b78fa166-946e-444d-ab06-7422bddb36fe,335.2583,496.238,站房 000038,0.5396,"rgb(255,255,255)",TMP00313183,TMP_b78fa166-946e-444d-ab06-7422bddb36fe
TXT-TMP_64b3287e-5d89-4fd5-be0a-4d2b61f56996,365.9507,493.9076,开关00118,0.4088,"rgb(255,255,255)",TMP00132479,TMP_64b3287e-5d89-4fd5-be0a-4d2b61f56996
TXT-TMP_aeb09782-3853-45d5-8ab5-2c24ae73209a,370.0384,493.9076,开关00117,0.4088,"rgb(255,255,255)",TMP00132482,TMP_aeb09782-3853-45d5-8ab5-2c24ae73209a
TXT-TMP_0b7a4cf2-6cca-4219-b219-e9060f43b717,367.9946,493.9076,开关00116,0.4088,"rgb(255,255,255)",TMP00132480,TMP_0b7a4cf2-6cca-4219-b219-e9060f43b717
TXT-TMP_0ba73217-188e-4442-a1f1-326f6de97344,367.9184,495.3229,配变2288,0.189,"rgb(255,255,255)",TMP00132481,TMP_0ba73217-188e-4442-a1f1-326f6de97344
TXT-TMP_642a5998-e406-416b-adb0-d087284733a5,367.2435,491.8741,8058045703母线,0.0763,"rgb(255,255,255)",TMP00313185,TMP_350d4db8-81f5-428e-8058-388cebbce60d
TXT-TMP_32271610-a903-4cd3-8b8a-8729405a7c2c,367.2435,491.7966,站房 000031,0.5396,"rgb(255,255,255)",TMP00313186,TMP_32271610-a903-4cd3-8b8a-8729405a7c2c
TXT-TMP_bfe8bbe2-f2f6-42b2-98b2-104ddb5f8190,381.2356,485.6352,开关00150,0.4088,"rgb(255,255,255)",TMP00132483,TMP_bfe8bbe2-f2f6-42b2-98b2-104ddb5f8190
TXT-TMP_58146c8b-fd51-4a5c-acf3-578e488e35a6,383.2795,485.6352,开关00149,0.4088,"rgb(255,255,255)",TMP00132484,TMP_58146c8b-fd51-4a5c-acf3-578e488e35a6
TXT-TMP_6e4b0ab8-5241-4e5d-8fd5-bab67f36e4f3,385.3234,485.6352,开关00148,0.4088,"rgb(255,255,255)",TMP00132486,TMP_6e4b0ab8-5241-4e5d-8fd5-bab67f36e4f3
TXT-TMP_07a61fa8-fd6e-441e-aea7-5e99be217293,383.2159,487.036,配变2267,0.1745,"rgb(255,255,255)",TMP00132485,TMP_07a61fa8-fd6e-441e-aea7-5e99be217293
TXT-TMP_75a18390-482d-4117-bff3-ec40ca8818c4,382.5284,483.5243,站房 000049,0.5396,"rgb(255,255,255)",TMP00313188,TMP_75a18390-482d-4117-bff3-ec40ca8818c4
TXT-TMP_28c035d2-4f12-4804-96d1-ca8f941fe77d,387.3613,514.7563,5,0.5811,"rgb(255,255,255)",TMP00313190,TMP_2b527e65-695c-4a99-ad57-4129c26944c7
TXT-TMP_34f3ebe1-1acb-4108-b557-3ed74e3cbe6e,388.2291,497.0221,开关00121,0.4088,"rgb(255,255,255)",TMP00132495,TMP_34f3ebe1-1acb-4108-b557-3ed74e3cbe6e
TXT-TMP_0cf90541-04aa-4759-ae00-67ef1cb438d6,390.2729,497.0221,开关00120,0.4088,"rgb(255,255,255)",TMP00132496,TMP_0cf90541-04aa-4759-ae00-67ef1cb438d6
TXT-TMP_becd26c5-eaa6-415f-b89e-ef912be0c7d5,392.3168,497.0221,开关00119,0.4088,"rgb(255,255,255)",TMP00132498,TMP_becd26c5-eaa6-415f-b89e-ef912be0c7d5
TXT-TMP_e8604aa7-5ddb-43d6-9dd4-5c8196581c9e,390.1195,498.4228,配变2289,0.1745,"rgb(255,255,255)",TMP00132497,TMP_e8604aa7-5ddb-43d6-9dd4-5c8196581c9e
TXT-TMP_fc1fb1ee-d875-445c-a4da-a1121ba781ea,389.5218,494.9112,站房 000030,0.5396,"rgb(255,255,255)",TMP00313192,TMP_fc1fb1ee-d875-445c-a4da-a1121ba781ea
TXT-TMP_cbb57f62-1aca-4b94-83e4-c14c4d5e6622,389.9582,536.3425,开关00162,0.4088,"rgb(255,255,255)",TMP00132471,TMP_cbb57f62-1aca-4b94-83e4-c14c4d5e6622
TXT-TMP_dd130aa0-87af-43f4-8fe4-b9a71a82b74f,392.002,536.3425,开关00161,0.4088,"rgb(255,255,255)",TMP00132472,TMP_dd130aa0-87af-43f4-8fe4-b9a71a82b74f
TXT-TMP_c426518d-1e6d-4efd-988b-9fc5ef5e6275,394.046,536.3425,开关00160,0.4088,"rgb(255,255,255)",TMP00132474,TMP_c426518d-1e6d-4efd-988b-9fc5ef5e6275
TXT-TMP_1d64c0fc-b1f8-492a-9681-908b1708e066,391.8301,537.6996,配变2271,0.1308,"rgb(255,255,255)",TMP00132473,TMP_1d64c0fc-b1f8-492a-9681-908b1708e066
TXT-TMP_4d339ad8-b39c-479d-a874-3cc7cf1b4ae4,391.2509,534.2315,站房 000045,0.5396,"rgb(255,255,255)",TMP00313193,TMP_4d339ad8-b39c-479d-a874-3cc7cf1b4ae4
TXT-TMP_97a59a07-95cc-409e-a41c-7f17256b0789,437.4926,492.8188,开关00196,0.4088,"rgb(255,255,255)",TMP00132621,TMP_97a59a07-95cc-409e-a41c-7f17256b0789
TXT-TMP_fb0dbec3-a63d-4acf-8f5f-b2da9cb42a76,433.4049,492.8188,开关00195,0.4088,"rgb(255,255,255)",TMP00132618,TMP_fb0dbec3-a63d-4acf-8f5f-b2da9cb42a76
TXT-TMP_829c7f42-3065-46db-aa05-d747b43e3036,435.4488,492.8188,开关00194,0.4088,"rgb(255,255,255)",TMP00132619,TMP_829c7f42-3065-46db-aa05-d747b43e3036
TXT-TMP_fc34f341-ab01-4d61-a815-b39f2af1591a,435.7567,494.4538,配变2306,0.4088,"rgb(255,255,255)",TMP00132620,TMP_fc34f341-ab01-4d61-a815-b39f2af1591a
TXT-TMP_ad0a227a-5549-4ae4-bae9-badeba24679b,434.6977,490.7079,站房 000062,0.5396,"rgb(255,255,255)",TMP00313195,TMP_ad0a227a-5549-4ae4-bae9-badeba24679b
TXT-TMP_c13340e3-cbcc-4187-a8cb-a6258890d6e8,523.6807,511.2129,用户1618,0.0769,"rgb(255,255,255)",TMP00313197,TMP_c13340e3-cbcc-4187-a8cb-a6258890d6e8
TXT-TMP_d9c2221a-2bc8-46d5-8572-d28352675c59,530.9971,513.0306,开关00207,0.4468,"rgb(255,255,255)",TMP00132791,TMP_d9c2221a-2bc8-46d5-8572-d28352675c59
TXT-TMP_a563b059-f1f2-4585-bfc5-713e4bf6f3cb,533.2311,513.0306,开关00206,0.4468,"rgb(255,255,255)",TMP00132792,TMP_a563b059-f1f2-4585-bfc5-713e4bf6f3cb
TXT-TMP_875266d3-e32e-4dfb-a62b-b9279070811d,533.8865,514.9295,配变2319,0.4468,"rgb(255,255,255)",TMP00132793,TMP_875266d3-e32e-4dfb-a62b-b9279070811d
TXT-TMP_dabef17c-bc77-4418-a23a-2de0854977d1,531.6119,510.9276,行县率将且助个行者劳母线1,0.0537,"rgb(255,255,255)",TMP00313198,TMP_80a88d68-ef80-4658-b1d9-44bdcdd12cea
TXT-TMP_5bdee9c2-9e63-47ce-8f9a-d9e1e1abd2fc,531.5307,510.6845,站房 000024,0.3899,"rgb(255,255,255)",TMP00313199,TMP_5bdee9c2-9e63-47ce-8f9a-d9e1e1abd2fc
TXT-TMP_e2596f60-ae1a-4bf5-9d1f-37957df46816,417.6223,512.56,用户1625,0.0769,"rgb(255,255,255)",TMP00313201,TMP_e2596f60-ae1a-4bf5-9d1f-37957df46816
TXT-TMP_2bef3990-9e6e-456c-973a-1b9352780f07,502.1003,430.6801,JLHA2/G1A-400/35,0.4895,"rgb(255,255,255)",TMP00313206,TMP_9c40b29a-8100-4047-81d0-7aad2cfa9dcf
TXT-TMP_9c40b29a-8100-4047-81d0-7aad2cfa9dcf,499.6151,440.4433,配变2154,0.3496,"rgb(255,255,255)",TMP00132738,TMP_9c40b29a-8100-4047-81d0-7aad2cfa9dcf
TXT-TMP_3eef1979-f1c5-48dc-a068-1eb7f51b2a83,509.1936,440.4334,配变2153,0.3496,"rgb(255,255,255)",TMP00132736,TMP_3eef1979-f1c5-48dc-a068-1eb7f51b2a83
TXT-TMP_c1853621-029d-48e5-b5a5-155d5485afd2,515.9772,458.4186,配变2152,0.3496,"rgb(255,255,255)",TMP00132763,TMP_c1853621-029d-48e5-b5a5-155d5485afd2
TXT-TMP_d8856235-574c-4dd7-9193-fb2cc370f88b,515.5947,450.9432,配变2151,0.3496,"rgb(255,255,255)",TMP00132734,TMP_d8856235-574c-4dd7-9193-fb2cc370f88b
TXT-TMP_a78d873b-907d-4172-8f50-92844fa4aa9f,494.3459,472.0714,配变2150,0.3496,"rgb(255,255,255)",TMP00132724,TMP_a78d873b-907d-4172-8f50-92844fa4aa9f
TXT-TMP_278ab0bf-2b4b-4c04-a19c-654059ecb713,497.86,471.679,配变2149,0.3496,"rgb(255,255,255)",TMP00132718,TMP_278ab0bf-2b4b-4c04-a19c-654059ecb713
TXT-TMP_d9493753-1f6a-4ab2-8afb-016cf4dcbbfb,505.3761,468.9309,开关00010,0.3496,"rgb(255,255,255)",TMP00132702,TMP_d9493753-1f6a-4ab2-8afb-016cf4dcbbfb
TXT-TMP_3daabd3c-74fe-44b3-b77c-5b584b167f57,501.0617,446.6765,开关00009,0.3496,"rgb(255,255,255)",TMP00132712,TMP_3daabd3c-74fe-44b3-b77c-5b584b167f57
TXT-TMP_e25b16e9-d4a7-4d3c-b85e-3a5cd717b413,499.8129,466.3716,开关00008,0.1026,"rgb(255,255,255)",TMP00132705,TMP_e25b16e9-d4a7-4d3c-b85e-3a5cd717b413
TXT-TMP_2c0ed4e7-1bfe-4846-bf24-3c0413be4592,484.0723,466.306,开关00007,0.3496,"rgb(255,255,255)",TMP00132732,TMP_2c0ed4e7-1bfe-4846-bf24-3c0413be4592
TXT-TMP_6c1bd12c-d6fa-4771-b0dc-b965141dfd10,488.6327,474.3613,开关00184,0.3441,"rgb(255,255,255)",TMP00132755,TMP_6c1bd12c-d6fa-4771-b0dc-b965141dfd10
TXT-TMP_5646d207-b45b-4a95-843b-558e0bb21a72,490.3531,474.3613,开关00183,0.3441,"rgb(255,255,255)",TMP00132756,TMP_5646d207-b45b-4a95-843b-558e0bb21a72
TXT-TMP_3de3d820-0fe7-462b-aec1-60a8ef6d563e,492.0735,474.3613,开关00182,0.3441,"rgb(255,255,255)",TMP00132758,TMP_3de3d820-0fe7-462b-aec1-60a8ef6d563e
TXT-TMP_ad254359-3b36-4285-a94e-07c8cf05c4c1,490.3152,475.5466,配变2302,0.1531,"rgb(255,255,255)",TMP00132757,TMP_ad254359-3b36-4285-a94e-07c8cf05c4c1
TXT-TMP_25841677-c644-42d4-9c3e-4ee4b7de9101,489.7209,472.6502,LINE231_前站1#SUB020_配电站8079706104母线,0.0618,"rgb(255,255,255)",TMP00313230,TMP_8b81771f-d12f-4b58-95d8-7015a13c09c4
TXT-TMP_60353d8d-d02a-4023-9e85-b5b57b2cb974,466.0174,463.8676,开关00181,0.3441,"rgb(255,255,255)",TMP00132764,TMP_60353d8d-d02a-4023-9e85-b5b57b2cb974
TXT-TMP_d4fce67b-c9d9-40cd-85ff-9a59332d9d5f,467.7378,463.8676,开关00180,0.3441,"rgb(255,255,255)",TMP00132765,TMP_d4fce67b-c9d9-40cd-85ff-9a59332d9d5f
TXT-TMP_ee3b64e2-0581-43bb-be6e-327437b6336c,469.4582,463.8676,开关00179,0.3441,"rgb(255,255,255)",TMP00132767,TMP_ee3b64e2-0581-43bb-be6e-327437b6336c
TXT-TMP_0b0ca610-7ab5-429a-9f9f-0a152e21c86d,466.7836,462.9802,配变2301,0.3441,"rgb(255,255,255)",TMP00132766,TMP_0b0ca610-7ab5-429a-9f9f-0a152e21c86d
TXT-TMP_eba344dc-5dc7-4459-9d96-5d25007d4727,526.1552,452.7701,开关00259,0.4088,"rgb(255,255,255)",TMP00132768,TMP_eba344dc-5dc7-4459-9d96-5d25007d4727
TXT-TMP_e0814487-00a9-4bc5-932c-f78dd694b857,530.2429,452.7701,开关00258,0.4088,"rgb(255,255,255)",TMP00132771,TMP_e0814487-00a9-4bc5-932c-f78dd694b857
TXT-TMP_2c980265-4bca-4e1b-bc43-68a1d2c6dfdb,528.1991,452.7701,开关00257,0.4088,"rgb(255,255,255)",TMP00132769,TMP_2c980265-4bca-4e1b-bc43-68a1d2c6dfdb
TXT-TMP_df200163-6a96-4469-a5c0-ca8ce82776a9,526.8649,453.655,配变2337,0.4088,"rgb(255,255,255)",TMP00132770,TMP_df200163-6a96-4469-a5c0-ca8ce82776a9
TXT-TMP_bc6ba3bf-66e6-44ae-a07e-a5aa38c88bad,478.8527,462.6213,开关00230,0.3278,"rgb(255,255,255)",TMP00132748,TMP_bc6ba3bf-66e6-44ae-a07e-a5aa38c88bad
TXT-TMP_e5c479e6-d660-438c-8447-e34b5b147d83,475.5746,462.6213,开关00229,0.3278,"rgb(255,255,255)",TMP00132745,TMP_e5c479e6-d660-438c-8447-e34b5b147d83
TXT-TMP_5cb5d52a-304c-45bc-acc8-8326ba5a86a2,480.4917,462.6213,开关00228,0.3278,"rgb(255,255,255)",TMP00132750,TMP_5cb5d52a-304c-45bc-acc8-8326ba5a86a2
TXT-TMP_bea5d3d9-1f03-4ad5-8712-c8fa583100a6,477.2136,462.6213,开关00227,0.3278,"rgb(255,255,255)",TMP00132746,TMP_bea5d3d9-1f03-4ad5-8712-c8fa583100a6
TXT-TMP_3964090e-4fb7-4755-8e88-4bed7ed1f443,477.7165,461.7232,配变2312,0.1691,"rgb(255,255,255)",TMP00132749,TMP_3964090e-4fb7-4755-8e88-4bed7ed1f443
TXT-TMP_e8e19ec3-4d67-4b4c-9928-7cfa2ba2d404,476.0774,461.7232,配变2313,0.1691,"rgb(255,255,255)",TMP00132747,TMP_e8e19ec3-4d67-4b4c-9928-7cfa2ba2d404
TXT-TMP_3b0d65dd-512d-4879-b2ff-ccf3d2c31290,489.7209,472.5751,站房 000066,0.4545,"rgb(255,255,255)",TMP00313231,TMP_3b0d65dd-512d-4879-b2ff-ccf3d2c31290
TXT-TMP_b00c4450-8445-4bb7-9e33-e93790e6a33f,467.351,462.1733,站房 000067,0.4545,"rgb(255,255,255)",TMP00313232,TMP_b00c4450-8445-4bb7-9e33-e93790e6a33f
TXT-TMP_781422a1-c8b3-4603-b577-443a46fdbd3d,527.4537,450.6398,站房 000005,0.4545,"rgb(255,255,255)",TMP00313233,TMP_781422a1-c8b3-4603-b577-443a46fdbd3d
TXT-TMP_451f721b-9b1e-4cdd-a4f4-10094a5a9270,477.4309,460.3612,站房 000003,0.4545,"rgb(255,255,255)",TMP00313234,TMP_451f721b-9b1e-4cdd-a4f4-10094a5a9270
TXT-TMP_bb95faaf-f861-4167-9c32-8dd75fdfbb29,504.9254,440.7344,用户1619,0.0648,"rgb(255,255,255)",TMP00313235,TMP_bb95faaf-f861-4167-9c32-8dd75fdfbb29
TXT-TMP_839b4396-dcdf-4b2c-850b-bdbdc3f44de4,514.6961,454.3232,用户1620,0.0648,"rgb(255,255,255)",TMP00313236,TMP_839b4396-dcdf-4b2c-850b-bdbdc3f44de4
TXT-TMP_f7d62aff-ee07-441d-91d9-b1cc3e319d0f,494.3401,467.0322,用户1621,0.0648,"rgb(255,255,255)",TMP00313237,TMP_f7d62aff-ee07-441d-91d9-b1cc3e319d0f
TXT-TMP_df1b8be4-7a9b-4f50-8011-5f446f784e8c,494.3401,465.6593,用户1561,0.0648,"rgb(255,255,255)",TMP00313238,TMP_df1b8be4-7a9b-4f50-8011-5f446f784e8c
TXT-TMP_34832a51-42e3-4079-b0f4-09604394cb5a,497.8542,466.883,用户1622,0.0648,"rgb(255,255,255)",TMP00313239,TMP_34832a51-42e3-4079-b0f4-09604394cb5a
TXT-TMP_f0605a8d-6ff3-4c0f-8727-2b845af1f80a,504.7529,418.2442,开关00068,0.5206,"rgb(255,255,255)",TMP00132751,TMP_f0605a8d-6ff3-4c0f-8727-2b845af1f80a
TXT-TMP_b4b4040d-4213-4fdd-a775-643aeb048a5b,507.3561,418.2442,开关00067,0.5206,"rgb(255,255,255)",TMP00132752,TMP_b4b4040d-4213-4fdd-a775-643aeb048a5b
TXT-TMP_1620b9b5-c20e-42a7-a900-4d18381e5208,509.9593,418.2442,开关00066,0.5206,"rgb(255,255,255)",TMP00132753,TMP_1620b9b5-c20e-42a7-a900-4d18381e5208
TXT-TMP_61cf08c8-17c9-4b2a-a1cf-632b14ece749,512.5624,418.2442,开关00065,0.5206,"rgb(255,255,255)",TMP00132754,TMP_61cf08c8-17c9-4b2a-a1cf-632b14ece749
TXT-TMP_087fcf79-8ef9-434d-b870-64a11f233118,507.6792,415.5966,站房 000075,0.0769,"rgb(255,255,255)",TMP00313246,TMP_087fcf79-8ef9-434d-b870-64a11f233118
TXT-TMP_b23c0bc9-5538-4b35-9b52-1fdca24c7e4c,508.5783,424.3237,工,0.2698,"rgb(255,255,255)",TMP00313247,TMP_9c40b29a-8100-4047-81d0-7aad2cfa9dcf
TXT-TMP_3b8fa42c-1d5a-4819-acf0-073625194d07,508.9629,424.3237,工,0.2698,"rgb(255,255,255)",TMP00313248,TMP_9c40b29a-8100-4047-81d0-7aad2cfa9dcf
TXT-TMP_1ca6326b-be75-4283-aa29-20192865b6b6,417.9621,511.1538,开关00006,0.0769,"rgb(255,255,255)",TMP00132539,TMP_1ca6326b-be75-4283-aa29-20192865b6b6
TXT-TMP_44cf88e1-282c-416f-aefc-5231a073e2eb,353.2763,515.3732,开关00061,0.0873,"rgb(255,255,255)",TMP00132422,TMP_44cf88e1-282c-416f-aefc-5231a073e2eb
TXT-TMP_dd3b98d9-a046-4a97-bc5b-255b81b77af6,358.1069,515.3732,开关00033,0.0873,"rgb(255,255,255)",TMP00132435,TMP_dd3b98d9-a046-4a97-bc5b-255b81b77af6
TXT-TMP_618454c4-c35c-438a-8890-13a43a8d4ef6,354.4984,515.3732,开关00034,0.0873,"rgb(255,255,255)",TMP00132426,TMP_618454c4-c35c-438a-8890-13a43a8d4ef6
TXT-TMP_73dcdd77-acd8-457c-95cd-f4ac062ab15e,355.7012,515.3732,开关00035,0.0873,"rgb(255,255,255)",TMP00132429,TMP_73dcdd77-acd8-457c-95cd-f4ac062ab15e
TXT-TMP_dfbbdb6e-43f9-4478-ae4c-20f6cc0e7527,356.904,515.3732,开关00036,0.0873,"rgb(255,255,255)",TMP00132432,TMP_dfbbdb6e-43f9-4478-ae4c-20f6cc0e7527
TXT-TMP_102b6d11-8ddd-47ff-b58c-fe9c4e753156,356.0459,516.2297,地刀0040,0.0509,"rgb(255,255,255)",TMP00132431,TMP_102b6d11-8ddd-47ff-b58c-fe9c4e753156
TXT-TMP_752b9171-53e9-491d-87b3-86101c025c51,353.6272,516.2297,地刀0038,0.0509,"rgb(255,255,255)",TMP00132425,TMP_752b9171-53e9-491d-87b3-86101c025c51
TXT-TMP_5792e957-732e-49b3-9234-eeeaf2099bfb,358.042,516.4183,刀闸0075,0.0509,"rgb(255,255,255)",TMP00132436,TMP_5792e957-732e-49b3-9234-eeeaf2099bfb
TXT-TMP_dba7a81e-cea5-4bf6-9206-f620b50db7ca,358.4516,516.2297,地刀0037,0.0509,"rgb(255,255,255)",TMP00132437,TMP_dba7a81e-cea5-4bf6-9206-f620b50db7ca
TXT-TMP_1bc2c9fa-1b73-4339-8a6d-e3bf171908f3,355.6364,516.4183,刀闸0077,0.0509,"rgb(255,255,255)",TMP00132430,TMP_1bc2c9fa-1b73-4339-8a6d-e3bf171908f3
TXT-TMP_ceac3358-2645-4c14-930a-c7b23434acdb,354.8431,516.2297,地刀0039,0.0509,"rgb(255,255,255)",TMP00132428,TMP_ceac3358-2645-4c14-930a-c7b23434acdb
TXT-TMP_14b8016a-be6f-4899-b968-159d3649f137,354.4335,516.4183,刀闸0076,0.0509,"rgb(255,255,255)",TMP00132427,TMP_14b8016a-be6f-4899-b968-159d3649f137
TXT-TMP_39fd7531-eef1-46d3-81e5-3c949bb81be3,357.2487,516.2297,地刀0041,0.0509,"rgb(255,255,255)",TMP00132434,TMP_39fd7531-eef1-46d3-81e5-3c949bb81be3
TXT-TMP_11e0e360-b135-4f3f-9d13-4c3ea5b73092,356.8392,516.4183,刀闸0078,0.0509,"rgb(255,255,255)",TMP00132433,TMP_11e0e360-b135-4f3f-9d13-4c3ea5b73092
TXT-TMP_6950304f-12bc-4107-a05f-36ac592a26f7,359.1093,515.3539,开关00037,0.0509,"rgb(255,255,255)",TMP00132438,TMP_6950304f-12bc-4107-a05f-36ac592a26f7
TXT-TMP_a76f3c98-a391-4b00-9241-252881049668,360.3121,515.3539,开关00038,0.0509,"rgb(255,255,255)",TMP00132441,TMP_a76f3c98-a391-4b00-9241-252881049668
TXT-TMP_e6fb89ab-8f6d-4d62-94eb-face9cbacce4,359.0786,516.4354,刀闸0079,0.0509,"rgb(255,255,255)",TMP00132439,TMP_e6fb89ab-8f6d-4d62-94eb-face9cbacce4
TXT-TMP_a9e995bf-33b7-4422-a788-8b31b1f435a0,360.2814,516.4354,刀闸0080,0.0509,"rgb(255,255,255)",TMP00132442,TMP_a9e995bf-33b7-4422-a788-8b31b1f435a0
TXT-TMP_2ae2cb7b-45e3-4a5f-a824-8227dbb15dc6,359.4881,516.2468,地刀0042,0.0509,"rgb(255,255,255)",TMP00132440,TMP_2ae2cb7b-45e3-4a5f-a824-8227dbb15dc6
TXT-TMP_37817b2f-84f1-466b-aaf8-6558a14ed275,360.6909,516.2468,地刀0036,0.0509,"rgb(255,255,255)",TMP00132443,TMP_37817b2f-84f1-466b-aaf8-6558a14ed275
TXT-TMP_628aa61d-91fd-4557-a423-41373e6daf98,353.3121,516.8617,PT004,0.0509,"rgb(255,255,255)",TMP00132424,TMP_628aa61d-91fd-4557-a423-41373e6daf98
TXT-TMP_c26bb124-acfe-4a11-ac17-a759036e236d,357.9612,517.0887,CT010,0.0011,"rgb(255,255,255)",TMP00313249,TMP_c26bb124-acfe-4a11-ac17-a759036e236d
TXT-TMP_43c7ebbe-b493-4358-9143-b1b15939a25e,354.3527,517.0887,CT011,0.0011,"rgb(255,255,255)",TMP00313250,TMP_43c7ebbe-b493-4358-9143-b1b15939a25e
TXT-TMP_72f1633a-c3d9-42e2-b4ad-5aab21a53ec4,355.5555,517.0887,CT012,0.0011,"rgb(255,255,255)",TMP00313251,TMP_72f1633a-c3d9-42e2-b4ad-5aab21a53ec4
TXT-TMP_06ccddff-a6d5-44b3-8f30-7f0c9e80b707,356.7584,517.0887,CT013,0.0011,"rgb(255,255,255)",TMP00313252,TMP_06ccddff-a6d5-44b3-8f30-7f0c9e80b707
TXT-TMP_7059aabc-7ccd-4161-b226-2201f98334a1,358.9978,517.1058,CT014,0.0011,"rgb(255,255,255)",TMP00313253,TMP_7059aabc-7ccd-4161-b226-2201f98334a1
TXT-TMP_7051eb48-cc4a-4df8-b089-a937b59c6f69,360.2006,517.1058,CT015,0.0011,"rgb(255,255,255)",TMP00313254,TMP_7051eb48-cc4a-4df8-b089-a937b59c6f69
TXT-TMP_190e95dc-bffa-44ba-bcab-49d252f4d2ce,357.2731,514.3883,著长2#SUB020_开关LINE370_线,0.0509,"rgb(255,255,255)",TMP00132444,TMP_350d4db8-81f5-428e-8058-388cebbce60d
TXT-TMP_e36e94be-927e-4c89-971a-bbc2f372c60d,353.1906,516.4805,刀闸0069,0.0509,"rgb(255,255,255)",TMP00132423,TMP_e36e94be-927e-4c89-971a-bbc2f372c60d
TXT-TMP_fdfca949-ac89-44e9-8be7-a0811fa2b346,356.9765,514.4198,站房 000016,0.4649,"rgb(255,255,255)",TMP00313255,TMP_fdfca949-ac89-44e9-8be7-a0811fa2b346
TXT-TMP_051ffced-d82e-4418-b1be-4514b25ee7c8,418.113,516.7451,100kVA,0.0769,"rgb(255,255,255)",TMP00132540,TMP_5928efab-579f-4f37-9f48-44dd34bb54e5
TXT-TMP_e93431de-c5dc-47c1-9d54-042becffdd81,386.6039,558.6953,配变2147,0.0769,"rgb(255,255,255)",TMP00132934,TMP_e93431de-c5dc-47c1-9d54-042becffdd81
TXT-TMP_0afd8b7d-93e5-4ffc-994f-9c4726367c7e,386.3348,557.2291,8,0.0769,"rgb(255,255,255)",TMP00313256,TMP_25db8967-5f75-4178-94b2-9b17b1b186b7
TXT-TMP_c73d04d3-718c-4632-81cf-e8163f252039,400.9202,511.9502,用户1626,0.0769,"rgb(255,255,255)",TMP00313257,TMP_c73d04d3-718c-4632-81cf-e8163f252039
TXT-TMP_4fb40ed5-684c-4bd9-aa5a-4924db50538a,412.9685,513.6447,配变2293,0.0368,"rgb(255,255,255)",TMP00132530,TMP_4fb40ed5-684c-4bd9-aa5a-4924db50538a
TXT-TMP_96c9c608-a0ca-45e1-b0d3-b6b80e8db4b0,411.2407,511.243,最护海黑还范波金客个行者劳提刻行县三街分者劳1#变母线,0.0368,"rgb(255,255,255)",TMP00313258,TMP_94f5fd92-3eef-4301-8436-ceda13a43e4b
TXT-TMP_8adfa8eb-64e4-4821-943a-0fbc337734a0,411.2713,511.1445,站房 000017,0.1908,"rgb(255,255,255)",TMP00313259,TMP_8adfa8eb-64e4-4821-943a-0fbc337734a0
TXT-TMP_ad30a2da-b7b6-41b0-9d2c-c62b8963a029,419.8658,510.5595,刀闸0062,0.0769,"rgb(255,255,255)",TMP00132543,TMP_ad30a2da-b7b6-41b0-9d2c-c62b8963a029
TXT-TMP_a7f9be80-1f47-46af-83c4-2bffa1859df8,509.3743,506.0371,开关00005,0.0769,"rgb(255,255,255)",TMP00132675,TMP_a7f9be80-1f47-46af-83c4-2bffa1859df8
TXT-TMP_22eb3e23-2103-4cce-bbd3-21c9628f46be,513.8387,455.2141,开关00004,0.0769,"rgb(255,255,255)",TMP00132715,TMP_22eb3e23-2103-4cce-bbd3-21c9628f46be
TXT-TMP_fffdb241-d2ce-4a03-ac4a-1ba0750e0f18,420.3434,556.5887,开关00003,0.0769,"rgb(255,255,255)",TMP00132888,TMP_fffdb241-d2ce-4a03-ac4a-1ba0750e0f18
TXT-TMP_708912dc-9ff0-4fae-914c-8eb19868b3a2,495.141,556.5932,开关00002,0.0769,"rgb(255,255,255)",TMP00132799,TMP_708912dc-9ff0-4fae-914c-8eb19868b3a2
TXT-TMP_db47bd29-d527-4c66-9e66-e5c071a138ac,374.8297,542.8257,站房 000021,0.0754,"rgb(255,255,255)",TMP00313260,TMP_db47bd29-d527-4c66-9e66-e5c071a138ac
TXT-TMP_294f1e53-49f4-4174-8237-b4319e00af24,374.8297,542.8376,次定员教急书箱变母线,0.1049,"rgb(255,255,255)",TMP00313261,TMP_25db8967-5f75-4178-94b2-9b17b1b186b7
TXT-TMP_56480f28-3926-4643-8cc8-1739918abebf,375.293,544.4964,配变2322,0.0558,"rgb(255,255,255)",TMP00132468,TMP_56480f28-3926-4643-8cc8-1739918abebf
TXT-TMP_c885c2b6-f168-452c-a26a-d053842ad088,376.3807,544.4856,配变2323,0.045,"rgb(255,255,255)",TMP00132470,TMP_c885c2b6-f168-452c-a26a-d053842ad088
TXT-TMP_64b07223-9a68-47f3-a624-d6381d0eebdc,512.932,443.1535,配变2146,0.7343,"rgb(255,255,255)",TMP00132726,TMP_64b07223-9a68-47f3-a624-d6381d0eebdc
TXT-TMP_bb4dcae8-235d-4be8-9d05-67d70d75bac3,509.6874,443.786,用户1628,0.1361,"rgb(255,255,255)",TMP00313262,TMP_bb4dcae8-235d-4be8-9d05-67d70d75bac3
TXT-TMP_08790019-f12b-4ef7-84a7-9bb967c363ff,469.6786,492.2847,刀闸0007,0.0769,"rgb(255,255,255)",TMP00132604,TMP_08790019-f12b-4ef7-84a7-9bb967c363ff
TXT-TMP_367d90cc-8093-4917-a4d7-a9539246bc5b,377.4671,510.8684,开关00219,0.061,"rgb(255,255,255)",TMP00132491,TMP_367d90cc-8093-4917-a4d7-a9539246bc5b
TXT-TMP_d1aa7484-3e9f-4ff5-9e87-71ce0601e6c3,378.4159,510.1568,LINE365_3#箱变母线,0.061,"rgb(255,255,255)",TMP00313263,TMP_34ad8f92-7f96-431e-ad2d-63e186601565
TXT-TMP_d6992d43-00a4-46a0-b049-8beaf899216b,378.4567,510.8684,开关00218,0.061,"rgb(255,255,255)",TMP00132492,TMP_d6992d43-00a4-46a0-b049-8beaf899216b
TXT-TMP_9588c29f-6d68-457e-a9a5-f2fda77ea56e,379.4873,510.8684,开关00220,0.061,"rgb(255,255,255)",TMP00132493,TMP_9588c29f-6d68-457e-a9a5-f2fda77ea56e
TXT-TMP_1d4aa897-b7e9-491f-b117-a5355d44cf61,379.5916,512.5684,配变2325,0.061,"rgb(255,255,255)",TMP00132494,TMP_1d4aa897-b7e9-491f-b117-a5355d44cf61
TXT-TMP_8a87c945-cc43-43e4-9b75-222a1ebed515,378.4124,510.1398,站房 000019,0.0769,"rgb(255,255,255)",TMP00313264,TMP_8a87c945-cc43-43e4-9b75-222a1ebed515
TXT-TMP_ff8c7064-55fb-4b9a-a9bd-dfdef2e0386f,359.8045,527.7046,站房 000018,0.3161,"rgb(255,255,255)",TMP00313266,TMP_ff8c7064-55fb-4b9a-a9bd-dfdef2e0386f
TXT-TMP_bb7c580e-1de5-4ca0-b120-96d7ede834f3,361.3496,531.3247,配变2326,0.0727,"rgb(255,255,255)",TMP00132451,TMP_bb7c580e-1de5-4ca0-b120-96d7ede834f3
TXT-TMP_947c4c6e-7e45-4554-b299-57b897a60916,360.0035,527.9334,LINE365_3#急书SUB020_配电LINE370_线,0.1202,"rgb(255,255,255)",TMP00313267,TMP_3905bac1-c76b-4f8a-b57e-91195f52e189
TXT-TMP_ed149ac0-cfe7-4c97-b56a-63fcb60add9e,438.0353,567.8455,配变2145,0.3274,"rgb(255,255,255)",TMP00132871,TMP_ed149ac0-cfe7-4c97-b56a-63fcb60add9e
TXT-TMP_154e2c43-365d-44e8-851a-b4a42cce1520,473.649,543.0126,站房 000070,1.2264,"rgb(255,255,255)",TMP00313268,TMP_154e2c43-365d-44e8-851a-b4a42cce1520
TXT-TMP_9197fa03-b802-4f07-82f0-c874acb4255f,472.1921,545.5274,开关00178,0.4586,"rgb(255,255,255)",TMP00132831,TMP_9197fa03-b802-4f07-82f0-c874acb4255f
TXT-TMP_f21d5467-6134-4266-8fe7-ad0d28085821,474.4853,545.5274,开关00177,0.4586,"rgb(255,255,255)",TMP00132832,TMP_f21d5467-6134-4266-8fe7-ad0d28085821
TXT-TMP_95eeee35-3036-4666-bc03-3239440aead0,476.7784,545.5274,开关00176,0.4586,"rgb(255,255,255)",TMP00132834,TMP_95eeee35-3036-4666-bc03-3239440aead0
TXT-TMP_e62e0d75-0391-4cbd-90f6-2a61b2d6cb7c,473.2262,547.0982,配变2298,0.4586,"rgb(255,255,255)",TMP00132833,TMP_e62e0d75-0391-4cbd-90f6-2a61b2d6cb7c
TXT-TMP_906b5442-5ad3-430d-987a-4a27501c5d12,421.7717,555.0822,开关00001,0.1026,"rgb(255,255,255)",TMP00132881,TMP_906b5442-5ad3-430d-987a-4a27501c5d12
TXT-TMP_28eeb946-04d3-4c58-a3db-57db766797fb,484.8399,498.1621,开关00209,0.4088,"rgb(255,255,255)",TMP00313269,TMP_28eeb946-04d3-4c58-a3db-57db766797fb
TXT-TMP_19e9a38c-a91b-491f-9ec4-b9963afac878,486.8839,498.1621,开关00208,0.4088,"rgb(255,255,255)",TMP00313270,TMP_19e9a38c-a91b-491f-9ec4-b9963afac878
TXT-TMP_153abddb-dbd4-46f0-ab01-bddea2a3ccee,486.988,499.6938,配变2320,0.3053,"rgb(255,255,255)",TMP00313271,TMP_153abddb-dbd4-46f0-ab01-bddea2a3ccee
TXT-TMP_4ca853a7-7334-4e02-aea6-c125bae8ec4e,486.1327,496.1287,最护海黑还范波金客个行者劳提刻行县三街分者劳母线,0.0763,"rgb(255,255,255)",TMP00313272,TMP_80a88d68-ef80-4658-b1d9-44bdcdd12cea
TXT-TMP_76c0f651-de63-45dc-90f2-e373bafbfe3c,486.2022,496.0376,站房 000023,0.2885,"rgb(255,255,255)",TMP00313273,TMP_76c0f651-de63-45dc-90f2-e373bafbfe3c
TXT-TMP_816e7e61-87bc-4f92-adca-7c2e8a7e0790,466.0389,495.543,用户1633,0.0648,"rgb(255,255,255)",TMP00313276,TMP_816e7e61-87bc-4f92-adca-7c2e8a7e0790
TXT-TMP_c62693a6-4dd7-47af-af18-2b5f3e8e5928,463.3865,495.2761,刀闸0005,0.0769,"rgb(255,255,255)",TMP00313277,TMP_c62693a6-4dd7-47af-af18-2b5f3e8e5928
TXT-TMP_cb5f48ad-a195-4acc-9322-8cf74db50f97,469.2583,496.8679,开关00217,0.4088,"rgb(255,255,255)",TMP00313278,TMP_cb5f48ad-a195-4acc-9322-8cf74db50f97
TXT-TMP_df13e76f-3b98-4620-877b-68630df975bf,471.3023,496.8679,开关00216,0.4088,"rgb(255,255,255)",TMP00313279,TMP_df13e76f-3b98-4620-877b-68630df975bf
TXT-TMP_8f674233-57ae-4319-b2fd-c58a7f2c27e6,471.4063,498.3995,配变2324,0.3053,"rgb(255,255,255)",TMP00313280,TMP_8f674233-57ae-4319-b2fd-c58a7f2c27e6
TXT-TMP_82c982d4-7682-48dd-855d-24b8170142ad,470.551,494.8344,行县布府关如个SUB010_开广最界导较所母线,0.0763,"rgb(255,255,255)",TMP00313281,TMP_2c9f04bc-b1f1-4ca0-bac9-a4882ba70a47
TXT-TMP_4bb1b285-4b71-4cb8-9b50-33519d823081,470.6263,494.75,站房 000020,0.2931,"rgb(255,255,255)",TMP00313282,TMP_4bb1b285-4b71-4cb8-9b50-33519d823081
TXT-TMP_9b780924-a9a0-40f4-842e-0b70d729fedf,377.5849,548.9349,况诉败4#SUB020_开关LINE370_线,0.1274,"rgb(255,255,255)",TMP00313285,TMP_25db8967-5f75-4178-94b2-9b17b1b186b7
TXT-TMP_f8caa40f-b96f-4a46-bb4a-1d5ddc2373b2,374.4565,550.0816,开关00059,0.1274,"rgb(255,255,255)",TMP00313286,TMP_f8caa40f-b96f-4a46-bb4a-1d5ddc2373b2
TXT-TMP_59b5074e-08d7-45b0-b0c7-a0e87a47409d,374.914,550.6113,地刀0026,0.1274,"rgb(255,255,255)",TMP00313287,TMP_59b5074e-08d7-45b0-b0c7-a0e87a47409d
TXT-TMP_22e665ce-bc09-4367-aef9-6061f6f18305,376.255,550.0346,开关00058,0.1274,"rgb(255,255,255)",TMP00313288,TMP_22e665ce-bc09-4367-aef9-6061f6f18305
TXT-TMP_3af7469e-07a3-4d9d-a5c5-c92f363f4d41,376.7625,551.8293,地刀0027,0.1274,"rgb(255,255,255)",TMP00313289,TMP_3af7469e-07a3-4d9d-a5c5-c92f363f4d41
TXT-TMP_3805c906-88ce-4535-b7f6-fc42bb37f551,377.8577,550.0122,开关00057,0.1274,"rgb(255,255,255)",TMP00313290,TMP_3805c906-88ce-4535-b7f6-fc42bb37f551
TXT-TMP_0998b4b6-9460-46c0-80fa-044724528c2b,378.399,551.839,地刀0028,0.1274,"rgb(255,255,255)",TMP00313291,TMP_0998b4b6-9460-46c0-80fa-044724528c2b
TXT-TMP_4ca0550e-b763-4374-9ae8-2ff3bf92cb5c,379.4275,550.0271,开关00056,0.1274,"rgb(255,255,255)",TMP00313292,TMP_4ca0550e-b763-4374-9ae8-2ff3bf92cb5c
TXT-TMP_b0e648ce-63da-4db4-a758-6f4026f87a6e,379.9091,551.8293,地刀0029,0.1274,"rgb(255,255,255)",TMP00313293,TMP_b0e648ce-63da-4db4-a758-6f4026f87a6e
TXT-TMP_b85a48b0-7829-4433-84d0-fa37cffb952b,380.9201,550.0155,开关00060,0.1274,"rgb(255,255,255)",TMP00313294,TMP_b85a48b0-7829-4433-84d0-fa37cffb952b
TXT-TMP_82ee6c45-d61c-4b41-8bfe-cad6132e9944,381.4676,551.8098,地刀0030,0.1274,"rgb(255,255,255)",TMP00313295,TMP_82ee6c45-d61c-4b41-8bfe-cad6132e9944
TXT-TMP_1e93dcff-3cd2-45ad-9a72-392c8a9bc0be,374.4776,553.1431,PT005,0.1274,"rgb(255,255,255)",TMP00313296,TMP_1e93dcff-3cd2-45ad-9a72-392c8a9bc0be
TXT-TMP_b19c0fd7-53c2-47a1-b6e2-c19e1d00a011,374.4288,551.7556,开关00047,0.1274,"rgb(255,255,255)",TMP00313297,TMP_b19c0fd7-53c2-47a1-b6e2-c19e1d00a011
TXT-TMP_e766bf74-120d-4c80-80d5-d128b7abcb1f,376.2375,551.2164,开关00046,0.1274,"rgb(255,255,255)",TMP00313298,TMP_e766bf74-120d-4c80-80d5-d128b7abcb1f
TXT-TMP_eee1b6a6-ff97-4ac2-8c1a-d07986003fd8,377.8402,551.1941,开关00045,0.1274,"rgb(255,255,255)",TMP00313299,TMP_eee1b6a6-ff97-4ac2-8c1a-d07986003fd8
TXT-TMP_3aba089c-9ec4-4fca-a7c2-e8ff8a71175c,379.41,551.209,开关00044,0.1274,"rgb(255,255,255)",TMP00313300,TMP_3aba089c-9ec4-4fca-a7c2-e8ff8a71175c
TXT-TMP_622b5d1c-a6aa-4854-a503-75202d6688d5,380.9026,551.1876,开关00048,0.1274,"rgb(255,255,255)",TMP00313301,TMP_622b5d1c-a6aa-4854-a503-75202d6688d5
TXT-TMP_b2eb64e1-5016-4749-b0e4-e147270485ef,376.4226,552.24,CT020,0.1274,"rgb(255,255,255)",TMP00313302,TMP_b2eb64e1-5016-4749-b0e4-e147270485ef
TXT-TMP_01f29c13-8633-47fc-9491-26a7b98fef7c,378.0254,552.2177,CT021,0.1274,"rgb(255,255,255)",TMP00313303,TMP_01f29c13-8633-47fc-9491-26a7b98fef7c
TXT-TMP_d4801ce0-149c-46c3-92ad-7daf17251bd9,379.5952,552.2326,CT022,0.1274,"rgb(255,255,255)",TMP00313304,TMP_d4801ce0-149c-46c3-92ad-7daf17251bd9
TXT-TMP_ce202d6b-6783-42a5-a50f-e991f0cffd82,381.0878,552.2112,CT023,0.1274,"rgb(255,255,255)",TMP00313305,TMP_ce202d6b-6783-42a5-a50f-e991f0cffd82
TXT-TMP_ab0b07e0-469c-4157-ada9-0a774d8abd5b,377.9974,548.6915,站房 000014,0.4897,"rgb(255,255,255)",TMP00313306,TMP_ab0b07e0-469c-4157-ada9-0a774d8abd5b
TXT-TMP_e65dc838-6a9a-473c-a247-cf4558447038,380.9114,557.6822,工,0.2698,"rgb(255,255,255)",TMP00313307,TMP_25db8967-5f75-4178-94b2-9b17b1b186b7
TXT-TMP_c443de99-3ad0-4835-84d5-40bb929ee8bb,376.5417,555.7042,YJV22-8.7/15KV-3*300,0.0769,"rgb(255,255,255)",TMP00313308,TMP_25db8967-5f75-4178-94b2-9b17b1b186b7
TXT-TMP_9f1923dc-93ef-4331-b4a7-51fc4eb9cb45,418.1499,507.2792,SUB010_变204LINE231_线,0.0769,"rgb(255,255,255)",TMP00313309,TMP_94f5fd92-3eef-4301-8436-ceda13a43e4b
TXT-TMP_352c782a-2e02-48c2-9aee-0e26f8b4c4dd,484.1943,557.3869,SUB010_变203LINE215_线 LINE231_线况诉败支32,0.0769,"rgb(255,255,255)",TMP00313310,TMP_474e39b7-096b-4982-9b98-4d845af69b90
TXT-TMP_f7c99968-ba77-4c0f-9f02-2f29c5aa9721,483.5998,557.3868,LINE231_线况诉败支33,0.0769,"rgb(255,255,255)",TMP00313311,TMP_474e39b7-096b-4982-9b98-4d845af69b90
TXT-TMP_436485df-ebcc-4d59-a763-8836721e95cd,483.0056,557.3869,LINE231_线况诉败支34,0.0769,"rgb(255,255,255)",TMP00313312,TMP_8ff074d3-c9c3-4ff7-86a6-ffb5419c50f6
TXT-TMP_3f64d65b-5473-47f0-becc-4843dbffd538,482.411,557.3868,LINE231_线况诉败支35,0.0769,"rgb(255,255,255)",TMP00313313,TMP_8ff074d3-c9c3-4ff7-86a6-ffb5419c50f6
TXT-TMP_1e2123ba-5945-4e59-bb1e-98b5c36c5a79,481.8166,557.3868,LINE231_线况诉败支36,0.0769,"rgb(255,255,255)",TMP00313314,TMP_12fde5d1-6205-4fd5-84d6-19539235a1e6
TXT-TMP_e3efe8ce-1d49-45f7-9f72-934d98fde879,481.2222,557.3868,LINE231_线况诉败支37,0.0769,"rgb(255,255,255)",TMP00313315,TMP_12fde5d1-6205-4fd5-84d6-19539235a1e6
TXT-TMP_9dc458d4-e142-4fdb-b4d5-b4e98273a227,478.7588,557.3869,LINE231_线况诉败支38,0.0769,"rgb(255,255,255)",TMP00313316,TMP_12fde5d1-6205-4fd5-84d6-19539235a1e6
TXT-TMP_79cea22c-8d32-4f7f-8e2f-5c5ecab04653,469.4456,557.3869,LINE231_线况诉败支39,0.0769,"rgb(255,255,255)",TMP00313317,TMP_7dbe008e-4c5e-451c-ab17-594c8165d7de
TXT-TMP_fc7e95df-f148-4bf6-8d38-fdbabad03969,468.4814,557.3869,LINE231_线况诉败支40,0.0769,"rgb(255,255,255)",TMP00313318,TMP_7dbe008e-4c5e-451c-ab17-594c8165d7de
TXT-TMP_08629187-068f-445c-93cc-76701f1d33b3,463.9023,557.3869,LINE231_线况诉败支41,0.0769,"rgb(255,255,255)",TMP00313319,TMP_a0397e37-6b92-4454-8c94-0bd3ed72ec41
TXT-TMP_0bca8240-b900-4e91-9c53-a7718f5e1d79,462.9758,557.3869,LINE231_线况诉败支42,0.0769,"rgb(255,255,255)",TMP00313320,TMP_a0397e37-6b92-4454-8c94-0bd3ed72ec41
TXT-TMP_91f5c3d0-94e3-4972-8851-059c19aa5d96,461.3853,557.3869,LINE231_线况诉败支43,0.0769,"rgb(255,255,255)",TMP00313321,TMP_a0397e37-6b92-4454-8c94-0bd3ed72ec41
TXT-TMP_052fcf06-deae-4aad-b80e-bee8a7a1d92d,454.4818,557.3869,LINE231_线况诉败支44,0.0769,"rgb(255,255,255)",TMP00313322,TMP_a0397e37-6b92-4454-8c94-0bd3ed72ec41
TXT-TMP_9c033b59-d48a-4d42-b44b-126fb92d6033,453.5553,557.3869,LINE231_线况诉败支45,0.0769,"rgb(255,255,255)",TMP00313323,TMP_a0397e37-6b92-4454-8c94-0bd3ed72ec41
TXT-TMP_0fbe53d4-bb87-45fd-adc1-43de86c3d59b,452.2967,557.3868,LINE231_线况诉败支46,0.0769,"rgb(255,255,255)",TMP00313324,TMP_a0397e37-6b92-4454-8c94-0bd3ed72ec41
TXT-TMP_a5e6bd83-aa5d-466f-bd4c-87b4d2223ad5,451.3704,557.3869,LINE231_线况诉败支47,0.0769,"rgb(255,255,255)",TMP00313325,TMP_a0397e37-6b92-4454-8c94-0bd3ed72ec41
TXT-TMP_d5b5112e-fa24-4326-a0f4-2b556d80e67b,448.9497,557.3869,LINE231_线况诉败支48,0.0769,"rgb(255,255,255)",TMP00313326,TMP_f83e9222-6f3e-407b-abb5-5eb9ea7a50e2
TXT-TMP_f30b7165-e558-4660-be6b-dd6a9dee42a7,448.0233,557.3869,LINE231_线况诉败支49,0.0769,"rgb(255,255,255)",TMP00313327,TMP_f83e9222-6f3e-407b-abb5-5eb9ea7a50e2
TXT-TMP_223db12d-bf58-4eb4-9cbb-ef3c1c3156fa,445.6025,557.3869,LINE231_线况诉败支50,0.0769,"rgb(255,255,255)",TMP00313328,TMP_5928efab-579f-4f37-9f48-44dd34bb54e5
TXT-TMP_59a351e7-1174-46fa-a50d-df227a102999,445.008,557.3868,LINE231_线况诉败支51,0.0769,"rgb(255,255,255)",TMP00313329,TMP_5928efab-579f-4f37-9f48-44dd34bb54e5
TXT-TMP_efe77e01-59b3-484c-a357-74b5b4794cf6,444.4138,557.3869,LINE231_线况诉败支52,0.0769,"rgb(255,255,255)",TMP00313330,TMP_5928efab-579f-4f37-9f48-44dd34bb54e5
TXT-TMP_d5f851f5-ec70-42fd-8b96-7ceb1a9f7a5a,443.4799,556.9345,LINE231_线况诉败支53,0.0769,"rgb(255,255,255)",TMP00313331,TMP_5928efab-579f-4f37-9f48-44dd34bb54e5
TXT-TMP_8dc8f3bc-0318-4ed9-9f4e-01a449a5073d,435.5388,557.234,LINE231_线况诉败支54,0.0769,"rgb(255,255,255)",TMP00313332,TMP_5928efab-579f-4f37-9f48-44dd34bb54e5
TXT-TMP_6215d2cd-0ab0-40f1-8a55-a28fa30d98b3,426.3624,557.3869,LINE231_线况诉败支55,0.0769,"rgb(255,255,255)",TMP00313333,TMP_d661ceea-765b-4ab9-8d47-0671ec5952ec
TXT-TMP_d59741b3-559e-4d63-9a6e-57d34f7480be,421.7807,557.3869,LINE231_线况诉败支56,0.0769,"rgb(255,255,255)",TMP00313334,TMP_86ac3251-e57f-4d0e-bb86-ece5d8090cf9
TXT-TMP_c152fa0e-d080-433b-843d-e730c36f0963,421.1287,557.351,LINE231_线况诉败支57,0.0769,"rgb(255,255,255)",TMP00313335,TMP_86ac3251-e57f-4d0e-bb86-ece5d8090cf9
TXT-TMP_0759d5ec-acd2-4eaa-9874-856ae2449aa2,419.4529,557.3725,LINE231_线况诉败支58,0.0769,"rgb(255,255,255)",TMP00313336,TMP_86ac3251-e57f-4d0e-bb86-ece5d8090cf9
TXT-TMP_5d21f05b-26bf-469d-9448-8d9c084e61ac,417.7583,557.3869,LINE231_线况诉败支59,0.0769,"rgb(255,255,255)",TMP00313337,TMP_86ac3251-e57f-4d0e-bb86-ece5d8090cf9
TXT-TMP_b46d361d-b13d-4fb9-a27a-03659164013b,410.7697,557.3869,LINE231_线况诉败支60,0.0769,"rgb(255,255,255)",TMP00313338,TMP_25db8967-5f75-4178-94b2-9b17b1b186b7
TXT-TMP_d7e17ba3-2f90-4145-9bde-11d557afac6d,409.8433,557.3869,LINE231_线况诉败支61,0.0769,"rgb(255,255,255)",TMP00313339,TMP_25db8967-5f75-4178-94b2-9b17b1b186b7
TXT-TMP_eb1164c7-8b79-498c-bdd8-b2c2d537c308,409.0828,557.3869,LINE231_线况诉败支62,0.0769,"rgb(255,255,255)",TMP00313340,TMP_25db8967-5f75-4178-94b2-9b17b1b186b7
TXT-TMP_42dae682-bcb6-4554-b0ca-a535de990bb2,403.8396,557.3869,LINE231_线况诉败支63,0.0769,"rgb(255,255,255)",TMP00313341,TMP_25db8967-5f75-4178-94b2-9b17b1b186b7
TXT-TMP_0e7ebc9f-e469-4945-ab9e-ea4d760e63e5,399.7586,557.3869,LINE231_线况诉败支64,0.0769,"rgb(255,255,255)",TMP00313342,TMP_25db8967-5f75-4178-94b2-9b17b1b186b7
TXT-TMP_7871621a-25c8-4bc9-8cad-871d0325da16,398.9981,557.3868,LINE231_线况诉败支65,0.0769,"rgb(255,255,255)",TMP00313343,TMP_25db8967-5f75-4178-94b2-9b17b1b186b7
TXT-TMP_5b0e9e84-9364-4c0e-baf0-c3fc8158ffe0,390.2685,557.3869,LINE231_线况诉败支66,0.0769,"rgb(255,255,255)",TMP00313344,TMP_25db8967-5f75-4178-94b2-9b17b1b186b7
TXT-TMP_8d7878b7-777b-4541-be1c-8b5b1595d643,389.342,557.3869,LINE231_线况诉败支67,0.0769,"rgb(255,255,255)",TMP00313345,TMP_25db8967-5f75-4178-94b2-9b17b1b186b7
TXT-TMP_e9a8c3e4-0b00-4bc4-8510-53a5d16d9c57,388.4156,557.3869,LINE231_线况诉败支68,0.0769,"rgb(255,255,255)",TMP00313346,TMP_25db8967-5f75-4178-94b2-9b17b1b186b7
TXT-TMP_eb73b13a-8604-4a76-ad18-7f440cf6b440,387.4891,557.3869,LINE231_线况诉败支69,0.0769,"rgb(255,255,255)",TMP00313347,TMP_25db8967-5f75-4178-94b2-9b17b1b186b7
TXT-TMP_ac59c2a4-c89e-44e7-b868-14dfcaa63d8d,386.8946,557.3868,LINE231_线况诉败支70,0.0769,"rgb(255,255,255)",TMP00313348,TMP_25db8967-5f75-4178-94b2-9b17b1b186b7
TXT-TMP_b35b1e72-b6f8-4c10-973e-5ed430984d34,386.3002,557.3868,LINE231_线况诉败支71,0.0769,"rgb(255,255,255)",TMP00313349,TMP_25db8967-5f75-4178-94b2-9b17b1b186b7
TXT-TMP_d1d85aa8-dc2b-4997-86f2-f7e1679ac8f7,385.54,557.3869,LINE231_线况诉败支72,0.0769,"rgb(255,255,255)",TMP00313350,TMP_25db8967-5f75-4178-94b2-9b17b1b186b7
TXT-TMP_b98f26b4-6e4f-4f36-b283-6ea9829dee0a,384.2815,557.3869,LINE231_线况诉败支73,0.0769,"rgb(255,255,255)",TMP00313351,TMP_25db8967-5f75-4178-94b2-9b17b1b186b7
TXT-TMP_3dccac25-0f34-4550-a2d7-5bf64fb4047f,381.7711,557.3869,SUB010_变203LINE215_线 LINE231_线况诉败支74,0.0769,"rgb(255,255,255)",TMP00313352,TMP_25db8967-5f75-4178-94b2-9b17b1b186b7
TXT-TMP_1db35493-63c6-40d6-b696-949063a53012,296.2849,507.7885,10kVⅡ次母线,0.0623,"rgb(255,255,255)",TMP00132370,TMP_d3550a56-3c87-4a54-8352-16acd8eae89f
