line_id,line_type,line_type_cn,from_element_id,from_element_name,to_element_id,to_element_name
TMP00313532,,,TMP00046158,00000,TMP00046158,00000
TMP00313534,,,TMP00046158,00000,TMP00046158,00000
TMP00313535,,,TMP00313565,故障指示器007,TMP00046158,00000
TMP00313538,,,TMP00313539,TMP00318364次母线,TMP00048670,开关03300
TMP00313540,,,TMP00048670,开关03300,TMP00313541,
TMP00313542,,,TMP00313541,,TMP00313541,
TMP00313543,,,TMP00313565,故障指示器007,TMP00313565,故障指示器007
TMP00313546,,,TMP00044381,刀闸0145,TMP00044381,刀闸0145
TMP00313549,,,TMP00044381,刀闸0145,TMP00046157,00000终端头510346
TMP00313548,,,TMP00044381,刀闸0145,TMP00044381,刀闸0145
TMP00313550,,,TMP00313553,,TMP00046027,用户1637
TMP00313552,,,TMP00046027,用户1637,TMP00046027,用户1637
TMP00313554,,,TMP00046027,用户1637,TMP00046027,用户1637
TMP00313557,,,TMP00313561,,TMP00313561,
TMP00313558,,,TMP00046027,用户1637,TMP00046027,用户1637
TMP00313559,,,TMP00313561,,TMP00313561,
TMP00313560,,,TMP00313561,,TMP00313561,
TMP00313562,,,TMP00313561,,TMP00046027,用户1637
TMP00313564,,,TMP00046027,用户1637,TMP00046027,用户1637
TMP00313556,,,TMP00046027,用户1637,TMP00046027,用户1637
TMP00313545,,,TMP00313565,故障指示器007,TMP00313565,故障指示器007
TMP00313566,,,TMP00044450,刀闸0148,TMP00044450,刀闸0148
TMP00313570,,,TMP00044450,刀闸0148,TMP00046154,00000终端头510345
TMP00313571,,,TMP00044450,刀闸0148,TMP00044450,刀闸0148
TMP00313573,,,TMP00046367,配变2144,TMP00046367,配变2144
TMP00313575,,,TMP00046025,用户1639,TMP00046025,用户1639
TMP00313577,,,TMP00044450,刀闸0148,TMP00044450,刀闸0148
TMP00313568,,,TMP00044450,刀闸0148,TMP00044450,刀闸0148
TMP00313578,,,TMP00046367,配变2144,TMP00046367,配变2144
TMP00313579,,,TMP00313582,,TMP00313582,
TMP00313581,,,TMP00313582,,TMP00313582,
TMP00313583,,,TMP00313582,,TMP00313582,
TMP00313586,,,TMP00313588,,TMP00313588,
TMP00313587,,,TMP00313588,,TMP00313588,
TMP00313589,,,TMP00313588,,TMP00313588,
TMP00313591,,,TMP00044532,00000行县开发个三街分者劳母线,TMP00313588,
TMP00313592,,,TMP00313588,,TMP00313588,
TMP00313593,,,TMP00313608,,TMP00313608,
TMP00313595,,,TMP00313608,,TMP00313608,
TMP00313600,,,TMP00313602,,TMP00313602,
TMP00313601,,,TMP00313602,,TMP00313602,
TMP00313603,,,TMP00313602,,TMP00313602,
TMP00313606,,,TMP00044553,00000约命了严个行者劳母线,TMP00313608,
TMP00313607,,,TMP00313608,,TMP00313608,
TMP00313597,,,TMP00313608,,TMP00313608,
TMP00313609,,,TMP00313608,,TMP00313608,
TMP00313610,,,TMP00046154,00000终端头510345,TMP00046026,用户1638
TMP00313585,,,TMP00046026,用户1638,TMP00313582,
TMP00313611,,,TMP00044378,刀闸0142,TMP00044378,刀闸0142
TMP00313613,,,TMP00046366,配变2143,TMP00046366,配变2143
TMP00313614,,,TMP00046025,用户1639,TMP00046025,用户1639
TMP00313615,,,TMP00046025,用户1639,TMP00046025,用户1639
TMP00313599,,,TMP00313608,,TMP00046152,00000终端头915548
TMP00313605,,,TMP00313602,,TMP00046151,00000终端头905222
TMP00313616,,,TMP00044596,00000了严2#母线,TMP00044596,00000了严2#母线
TMP00313617,,,TMP00044596,00000了严2#母线,TMP00044596,00000了严2#母线
TMP00313618,,,TMP00044596,00000了严2#母线,TMP00000224,站房000025
TMP00313621,,,TMP00044596,00000了严2#母线,TMP00044596,00000了严2#母线
TMP00313620,,,TMP00000224,站房000025,TMP00046150,00000终端头964807
TMP00313622,,,TMP00045936,用户1728,TMP00046149,00000站外-电缆终端头
TMP00313624,,,TMP00045936,用户1728,TMP00045936,用户1728
TMP00313626,,,TMP00044377,刀闸0141,TMP00044377,刀闸0141
TMP00313628,,,TMP00044377,刀闸0141,TMP00044377,刀闸0141
TMP00313629,,,TMP00044376,刀闸0140,TMP00044376,刀闸0140
TMP00313632,,,TMP00046147,00000站外-电缆终端头,TMP00046147,00000站外-电缆终端头
TMP00313634,,,TMP00046147,00000站外-电缆终端头,TMP00046147,00000站外-电缆终端头
TMP00313635,,,TMP00045347,00000#~LINE216_争40照1#,TMP00045347,00000#~LINE216_争40照1#
TMP00313638,,,TMP00043919,开关00031,TMP00043919,开关00031
TMP00313641,,,TMP00043918,开关00030,TMP00043918,开关00030
TMP00313644,,,TMP00046018,用户1646,TMP00046023,用户1641
TMP00313647,,,TMP00046019,用户1645,TMP00046019,用户1645
TMP00313650,,,TMP00045951,用户1713,TMP00045951,用户1713
TMP00313651,,,TMP00045951,用户1713,TMP00045951,用户1713
TMP00313652,,,TMP00043917,开关00029,TMP00043917,开关00029
TMP00313655,,,TMP00046144,00000终端头510736,TMP00046144,00000终端头510736
TMP00313657,,,TMP00046144,00000终端头510736,TMP00046144,00000终端头510736
TMP00313658,,,TMP00043915,开关00027,TMP00043915,开关00027
TMP00313661,,,TMP00043914,开关00026,TMP00046591,避雷器032
TMP00313664,,,TMP00046010,用户1654,TMP00046010,用户1654
TMP00313667,,,TMP00044255,刀闸0019,TMP00045933,用户1731
TMP00313670,,,TMP00046338,配变2115,TMP00046009,用户1655
TMP00313673,,,TMP00043913,开关00025,TMP00043913,开关00025
TMP00313676,,,TMP00043912,开关00024,TMP00043912,开关00024
TMP00313679,,,TMP00043911,开关00023,TMP00043911,开关00023
TMP00313682,,,TMP00046007,用户1657,TMP00046007,用户1657
TMP00313685,,,TMP00046143,00000终端头510981,TMP00046124,00000终端头510982
TMP00313686,,,TMP00043909,开关00021,TMP00043909,开关00021
TMP00313689,,,TMP00045934,用户1730,TMP00045934,用户1730
TMP00313692,,,TMP00044822,TMP00131373#,TMP00045995,用户1669
TMP00313695,,,TMP00045364,00000#~清开分17#,TMP00045997,用户1667
TMP00313698,,,TMP00046003,用户1661,TMP00046003,用户1661
TMP00313701,,,TMP00045998,用户1666,TMP00045998,用户1666
TMP00313704,,,TMP00044324,刀闸0088,TMP00045949,用户1715
TMP00313705,,,TMP00045996,用户1668,TMP00046321,配变2098
TMP00313706,,,TMP00044329,刀闸0093,TMP00046141,00000终端头510949
TMP00313707,,,TMP00045629,TMP00131599五海分5#,TMP00045989,用户1675
TMP00313710,,,TMP00045990,用户1674,TMP00045990,用户1674
TMP00313713,,,TMP00045988,用户1676,TMP00045988,用户1676
TMP00313714,,,TMP00045987,用户1677,TMP00045987,用户1677
TMP00313717,,,TMP00045986,用户1678,TMP00045986,用户1678
TMP00313720,,,TMP00044793,TMP00131372#-LINE216_争135白3#数线,TMP00045985,用户1679
TMP00313722,,,TMP00043908,开关00020,TMP00043908,开关00020
TMP00313725,,,TMP00043907,开关00019,TMP00043907,开关00019
TMP00313728,,,TMP00046140,00000终端头510879,TMP00046140,00000终端头510879
TMP00313729,,,TMP00045980,用户1684,TMP00045980,用户1684
TMP00313732,,,TMP00045981,用户1683,TMP00045981,用户1683
TMP00313735,,,TMP00044300,刀闸0064,TMP00044300,刀闸0064
TMP00313738,,,TMP00044300,刀闸0064,TMP00044300,刀闸0064
TMP00313739,,,TMP00046138,00000站外-电缆终端头,TMP00046138,00000站外-电缆终端头
TMP00313741,,,TMP00046138,00000站外-电缆终端头,TMP00046138,00000站外-电缆终端头
TMP00313742,,,TMP00044299,刀闸0063,TMP00044299,刀闸0063
TMP00313745,,,TMP00044299,刀闸0063,TMP00046137,00000终端头510876
TMP00313746,,,TMP00045978,用户1686,TMP00045978,用户1686
TMP00313749,,,TMP00044297,刀闸0061,TMP00044297,刀闸0061
TMP00313751,,,TMP00044297,刀闸0061,TMP00046136,00000站外-电缆终端头
TMP00313752,,,TMP00046135,00000站外-电缆终端头,TMP00046135,00000站外-电缆终端头
TMP00313754,,,TMP00046135,00000站外-电缆终端头,TMP00046135,00000站外-电缆终端头
TMP00313755,,,TMP00045977,用户1687,TMP00045977,用户1687
TMP00313758,,,TMP00043905,开关00017,TMP00043905,开关00017
TMP00313761,,,TMP00045973,用户1691,TMP00045973,用户1691
TMP00313764,,,TMP00045975,用户1689,TMP00045975,用户1689
TMP00313767,,,TMP00045317,00000~能半分6#,TMP00045971,用户1693
TMP00313770,,,TMP00045967,用户1697,TMP00045967,用户1697
TMP00313771,,,TMP00045499,TMP00131368白2#-LINE216_争106白3#,TMP00045963,用户1701
TMP00313774,,,TMP00045946,用户1718,TMP00045946,用户1718
TMP00313777,,,TMP00045946,用户1718,TMP00045946,用户1718
TMP00313779,,,TMP00043904,开关00016,TMP00043904,开关00016
TMP00313782,,,TMP00046132,00000终端头510779,TMP00046132,00000终端头510779
TMP00313784,,,TMP00046132,00000终端头510779,TMP00045945,用户1719
TMP00313785,,,TMP00046131,00000终端头510685,TMP00046131,00000终端头510685
TMP00313786,,,TMP00046116,00000终端头510724,TMP00046116,00000终端头510724
TMP00313789,,,TMP00046116,00000终端头510724,TMP00046116,00000终端头510724
TMP00313790,,,TMP00043901,开关00013,TMP00043901,开关00013
TMP00313793,,,TMP00044263,刀闸0027,TMP00044263,刀闸0027
TMP00313796,,,TMP00045454,TMP00132954#-约叫败分21#,TMP00045953,用户1711
TMP00313799,,,TMP00044263,刀闸0027,TMP00044263,刀闸0027
TMP00313800,,,TMP00045952,用户1712,TMP00045952,用户1712
TMP00313803,,,TMP00045952,用户1712,TMP00046129,00000终端头510692
TMP00313804,,,TMP00046145,00000终端头449725,TMP00314001,
TMP00313778,,,TMP00045946,用户1718,TMP00045946,用户1718
TMP00313807,,,TMP00314068,,TMP00314068,
TMP00313802,,,TMP00045952,用户1712,TMP00045952,用户1712
TMP00313798,,,TMP00045953,用户1711,TMP00045953,用户1711
TMP00313810,,,TMP00044262,刀闸0026,TMP00044262,刀闸0026
TMP00313795,,,TMP00044263,刀闸0027,TMP00044263,刀闸0027
TMP00313812,,,TMP00044264,刀闸0028,TMP00045954,用户1710
TMP00313814,,,TMP00044265,刀闸0029,TMP00044265,刀闸0029
TMP00313816,,,TMP00045960,用户1704,TMP00045960,用户1704
TMP00313818,,,TMP00044269,刀闸0033,TMP00044269,刀闸0033
TMP00313820,,,TMP00046439,配变2216,TMP00046439,配变2216
TMP00313822,,,TMP00045962,用户1702,TMP00045962,用户1702
TMP00313825,,,TMP00044273,刀闸0037,TMP00044273,刀闸0037
TMP00313773,,,TMP00045963,用户1701,TMP00045963,用户1701
TMP00313776,,,TMP00045946,用户1718,TMP00045946,用户1718
TMP00313827,,,TMP00045965,用户1699,TMP00045965,用户1699
TMP00313769,,,TMP00045971,用户1693,TMP00045971,用户1693
TMP00313829,,,TMP00046457,配变2234,TMP00045972,用户1692
TMP00313763,,,TMP00045973,用户1691,TMP00045973,用户1691
TMP00313831,,,TMP00045884,00000#~从地支10白1#,TMP00044286,刀闸0050
TMP00313766,,,TMP00045975,用户1689,TMP00045975,用户1689
TMP00313833,,,TMP00046464,配变2241,TMP00046464,配变2241
TMP00313835,,,TMP00044291,刀闸0055,TMP00044291,刀闸0055
TMP00313837,,,TMP00044292,刀闸0056,TMP00044292,刀闸0056
TMP00313839,,,TMP00044293,刀闸0057,TMP00044293,刀闸0057
TMP00313757,,,TMP00045977,用户1687,TMP00045977,用户1687
TMP00313748,,,TMP00045978,用户1686,TMP00045978,用户1686
TMP00313841,,,TMP00046469,配变2246,TMP00046469,配变2246
TMP00313843,,,TMP00044298,刀闸0062,TMP00044298,刀闸0062
TMP00313744,,,TMP00044299,刀闸0063,TMP00044299,刀闸0063
TMP00313737,,,TMP00044300,刀闸0064,TMP00044300,刀闸0064
TMP00313845,,,TMP00046472,配变2249,TMP00046472,配变2249
TMP00313734,,,TMP00045981,用户1683,TMP00045981,用户1683
TMP00313847,,,TMP00044304,刀闸0068,TMP00044304,刀闸0068
TMP00313849,,,TMP00046478,配变2255,TMP00046478,配变2255
TMP00313719,,,TMP00045986,用户1678,TMP00045986,用户1678
TMP00313716,,,TMP00045987,用户1677,TMP00045987,用户1677
TMP00313851,,,TMP00044314,刀闸0078,TMP00044314,刀闸0078
TMP00313853,,,TMP00044315,刀闸0079,TMP00044315,刀闸0079
TMP00313855,,,TMP00046311,配变2088,TMP00046311,配变2088
TMP00313857,,,TMP00046312,配变2089,TMP00046312,配变2089
TMP00313709,,,TMP00045989,用户1675,TMP00045989,用户1675
TMP00313712,,,TMP00045990,用户1674,TMP00045990,用户1674
TMP00313694,,,TMP00045995,用户1669,TMP00045995,用户1669
TMP00313859,,,TMP00045996,用户1668,TMP00045996,用户1668
TMP00313697,,,TMP00045997,用户1667,TMP00045997,用户1667
TMP00313703,,,TMP00045998,用户1666,TMP00045998,用户1666
TMP00313700,,,TMP00046003,用户1661,TMP00046003,用户1661
TMP00313691,,,TMP00045934,用户1730,TMP00045934,用户1730
TMP00313684,,,TMP00046007,用户1657,TMP00046007,用户1657
TMP00313861,,,TMP00044338,刀闸0102,TMP00044338,刀闸0102
TMP00313863,,,TMP00046008,用户1656,TMP00046008,用户1656
TMP00313865,,,TMP00044340,刀闸0104,TMP00044340,刀闸0104
TMP00313669,,,TMP00045933,用户1731,TMP00045933,用户1731
TMP00313672,,,TMP00046338,配变2115,TMP00044255,刀闸0019
TMP00313867,,,TMP00044344,刀闸0108,TMP00044344,刀闸0108
TMP00313869,,,TMP00044345,刀闸0109,TMP00044345,刀闸0109
TMP00313666,,,TMP00046010,用户1654,TMP00046010,用户1654
TMP00313871,,,TMP00044348,刀闸0112,TMP00044348,刀闸0112
TMP00313873,,,TMP00046347,配变2124,TMP00046347,配变2124
TMP00313875,,,TMP00046349,配变2126,TMP00046349,配变2126
TMP00313877,,,TMP00044355,刀闸0119,TMP00044355,刀闸0119
TMP00313879,,,TMP00044356,刀闸0120,TMP00044356,刀闸0120
TMP00313881,,,TMP00046347,配变2124,TMP00046347,配变2124
TMP00313649,,,TMP00046019,用户1645,TMP00046019,用户1645
TMP00313883,,,TMP00046355,配变2132,TMP00046355,配变2132
TMP00313885,,,TMP00046356,配变2133,TMP00046356,配变2133
TMP00313887,,,TMP00044362,刀闸0126,TMP00044362,刀闸0126
TMP00313889,,,TMP00046104,00000终端头932634,TMP00044363,刀闸0127
TMP00313892,,,TMP00046020,用户1644,TMP00046020,用户1644
TMP00313646,,,TMP00046023,用户1641,TMP00046023,用户1641
TMP00313894,,,TMP00045957,用户1707,TMP00045957,用户1707
TMP00313896,,,TMP00044376,刀闸0140,TMP00044376,刀闸0140
TMP00313898,,,TMP00044377,刀闸0141,TMP00044377,刀闸0141
TMP00313900,,,TMP00043900,开关00012,TMP00043900,开关00012
TMP00313792,,,TMP00043901,开关00013,TMP00043901,开关00013
TMP00313788,,,TMP00046116,00000终端头510724,TMP00046116,00000终端头510724
TMP00313902,,,TMP00046131,00000终端头510685,TMP00046131,00000终端头510685
TMP00313781,,,TMP00043904,开关00016,TMP00043904,开关00016
TMP00313760,,,TMP00043905,开关00017,TMP00043905,开关00017
TMP00313731,,,TMP00045980,用户1684,TMP00044302,刀闸0066
TMP00313727,,,TMP00043907,开关00019,TMP00043907,开关00019
TMP00313724,,,TMP00043908,开关00020,TMP00043908,开关00020
TMP00313688,,,TMP00043909,开关00021,TMP00043909,开关00021
TMP00313681,,,TMP00043911,开关00023,TMP00043911,开关00023
TMP00313678,,,TMP00043912,开关00024,TMP00043912,开关00024
TMP00313675,,,TMP00043913,开关00025,TMP00043913,开关00025
TMP00313663,,,TMP00043914,开关00026,TMP00043914,开关00026
TMP00313660,,,TMP00043915,开关00027,TMP00043915,开关00027
TMP00313904,,,TMP00043904,开关00016,TMP00043916,开关00028
TMP00313654,,,TMP00043917,开关00029,TMP00043917,开关00029
TMP00313643,,,TMP00043918,开关00030,TMP00043918,开关00030
TMP00313640,,,TMP00043919,开关00031,TMP00043919,开关00031
TMP00313631,,,TMP00044376,刀闸0140,TMP00044376,刀闸0140
TMP00313906,,,TMP00045952,用户1712,TMP00045952,用户1712
TMP00313907,,,TMP00045953,用户1711,TMP00045953,用户1711
TMP00313908,,,TMP00045955,用户1709,TMP00045955,用户1709
TMP00313909,,,TMP00045955,用户1709,TMP00045955,用户1709
TMP00313910,,,TMP00046433,配变2210,TMP00046433,配变2210
TMP00313911,,,TMP00045958,用户1706,TMP00045958,用户1706
TMP00313912,,,TMP00045959,用户1705,TMP00045959,用户1705
TMP00313913,,,TMP00045960,用户1704,TMP00046436,配变2213
TMP00313914,,,TMP00046438,配变2215,TMP00046438,配变2215
TMP00313915,,,TMP00046439,配变2216,TMP00046439,配变2216
TMP00313916,,,TMP00045961,用户1703,TMP00045961,用户1703
TMP00313917,,,TMP00046443,配变2220,TMP00046443,配变2220
TMP00313918,,,TMP00045963,用户1701,TMP00045963,用户1701
TMP00313919,,,TMP00045964,用户1700,TMP00045964,用户1700
TMP00313920,,,TMP00045965,用户1699,TMP00045965,用户1699
TMP00313921,,,TMP00045968,用户1696,TMP00045968,用户1696
TMP00313922,,,TMP00045966,用户1698,TMP00045966,用户1698
TMP00313923,,,TMP00045968,用户1696,TMP00045968,用户1696
TMP00313924,,,TMP00045969,用户1695,TMP00045969,用户1695
TMP00313925,,,TMP00045969,用户1695,TMP00045969,用户1695
TMP00313926,,,TMP00045970,用户1694,TMP00045970,用户1694
TMP00313927,,,TMP00046454,配变2231,TMP00046454,配变2231
TMP00313928,,,TMP00045971,用户1693,TMP00045971,用户1693
TMP00313929,,,TMP00045973,用户1691,TMP00045973,用户1691
TMP00313930,,,TMP00046459,配变2236,TMP00046459,配变2236
TMP00313931,,,TMP00045974,用户1690,TMP00045974,用户1690
TMP00313932,,,TMP00045975,用户1689,TMP00046461,配变2238
TMP00313933,,,TMP00045976,用户1688,TMP00045976,用户1688
TMP00313934,,,TMP00046464,配变2241,TMP00046464,配变2241
TMP00313935,,,TMP00046465,配变2242,TMP00046465,配变2242
TMP00313936,,,TMP00046466,配变2243,TMP00046466,配变2243
TMP00313937,,,TMP00045977,用户1687,TMP00045977,用户1687
TMP00313938,,,TMP00045978,用户1686,TMP00045978,用户1686
TMP00313939,,,TMP00046469,配变2246,TMP00046469,配变2246
TMP00313940,,,TMP00045979,用户1685,TMP00045979,用户1685
TMP00313941,,,TMP00046471,配变2248,TMP00046471,配变2248
TMP00313942,,,TMP00046472,配变2249,TMP00046472,配变2249
TMP00313943,,,TMP00045980,用户1684,TMP00045980,用户1684
TMP00313944,,,TMP00046474,配变2251,TMP00046474,配变2251
TMP00313945,,,TMP00045982,用户1682,TMP00045982,用户1682
TMP00313946,,,TMP00045983,用户1681,TMP00045983,用户1681
TMP00313947,,,TMP00046478,配变2255,TMP00046478,配变2255
TMP00313948,,,TMP00045984,用户1680,TMP00045984,用户1680
TMP00313949,,,TMP00045986,用户1678,TMP00045986,用户1678
TMP00313950,,,TMP00045987,用户1677,TMP00046307,配变2084
TMP00313951,,,TMP00046310,配变2087,TMP00046310,配变2087
TMP00313952,,,TMP00046311,配变2088,TMP00046311,配变2088
TMP00313953,,,TMP00046312,配变2089,TMP00046312,配变2089
TMP00313954,,,TMP00045989,用户1675,TMP00046313,配变2090
TMP00313955,,,TMP00045990,用户1674,TMP00045990,用户1674
TMP00313956,,,TMP00045991,用户1673,TMP00045991,用户1673
TMP00313957,,,TMP00045991,用户1673,TMP00045991,用户1673
TMP00313958,,,TMP00045993,用户1671,TMP00045993,用户1671
TMP00313959,,,TMP00045995,用户1669,TMP00045995,用户1669
TMP00313960,,,TMP00045997,用户1667,TMP00045997,用户1667
TMP00313961,,,TMP00045998,用户1666,TMP00045998,用户1666
TMP00313962,,,TMP00045999,用户1665,TMP00045999,用户1665
TMP00313963,,,TMP00046000,用户1664,TMP00046000,用户1664
TMP00313964,,,TMP00046000,用户1664,TMP00046000,用户1664
TMP00313965,,,TMP00046329,配变2106,TMP00046329,配变2106
TMP00313966,,,TMP00046004,用户1660,TMP00046004,用户1660
TMP00313967,,,TMP00046331,配变2108,TMP00046331,配变2108
TMP00313968,,,TMP00046332,配变2109,TMP00046332,配变2109
TMP00313969,,,TMP00046005,用户1659,TMP00046005,用户1659
TMP00313970,,,TMP00046006,用户1658,TMP00046006,用户1658
TMP00313971,,,TMP00046007,用户1657,TMP00046007,用户1657
TMP00313972,,,TMP00046008,用户1656,TMP00046008,用户1656
TMP00313973,,,TMP00046010,用户1654,TMP00046010,用户1654
TMP00313974,,,TMP00046011,用户1653,TMP00046011,用户1653
TMP00313975,,,TMP00046342,配变2119,TMP00046342,配变2119
TMP00313976,,,TMP00046012,用户1652,TMP00046012,用户1652
TMP00313977,,,TMP00046013,用户1651,TMP00046013,用户1651
TMP00313978,,,TMP00046014,用户1650,TMP00046014,用户1650
TMP00313979,,,TMP00046015,用户1649,TMP00046015,用户1649
TMP00313980,,,TMP00046347,配变2124,TMP00046347,配变2124
TMP00313981,,,TMP00046016,用户1648,TMP00046016,用户1648
TMP00313982,,,TMP00046349,配变2126,TMP00046349,配变2126
TMP00313983,,,TMP00046350,配变2127,TMP00046350,配变2127
TMP00313984,,,TMP00046347,配变2124,TMP00046347,配变2124
TMP00313985,,,TMP00046017,用户1647,TMP00046352,配变2129
TMP00313986,,,TMP00046018,用户1646,TMP00046018,用户1646
TMP00313987,,,TMP00046019,用户1645,TMP00046019,用户1645
TMP00313988,,,TMP00046355,配变2132,TMP00046355,配变2132
TMP00313989,,,TMP00046356,配变2133,TMP00046356,配变2133
TMP00313990,,,TMP00046357,配变2134,TMP00046357,配变2134
TMP00313991,,,TMP00046020,用户1644,TMP00046020,用户1644
TMP00313992,,,TMP00046021,用户1643,TMP00046021,用户1643
TMP00313993,,,TMP00046361,配变2138,TMP00046361,配变2138
TMP00313994,,,TMP00046362,配变2139,TMP00046362,配变2139
TMP00313995,,,TMP00046022,用户1642,TMP00046022,用户1642
TMP00313996,,,TMP00046023,用户1641,TMP00046023,用户1641
TMP00313997,,,TMP00046024,用户1640,TMP00046024,用户1640
TMP00313998,,,TMP00044538,00000身区个行者劳母线,TMP00314001,
TMP00314000,,,TMP00314001,,TMP00314001,
TMP00313806,,,TMP00314001,,TMP00314001,
TMP00314002,,,TMP00044538,00000身区个行者劳母线,TMP00314004,
TMP00314003,,,TMP00314004,,TMP00314004,
TMP00314005,,,TMP00314004,,TMP00314004,
TMP00314007,,,TMP00044538,00000身区个行者劳母线,TMP00044538,00000身区个行者劳母线
TMP00314008,,,TMP00314004,,TMP00314004,
TMP00314009,,,TMP00044529,00000实查般个行者劳母线,TMP00314012,
TMP00314011,,,TMP00314012,,TMP00045950,用户1714
TMP00314013,,,TMP00045950,用户1714,TMP00045950,用户1714
TMP00314016,,,TMP00044529,00000实查般个行者劳母线,TMP00044529,00000实查般个行者劳母线
TMP00314017,,,TMP00314020,,TMP00045950,用户1714
TMP00314018,,,TMP00044529,00000实查般个行者劳母线,TMP00314020,
TMP00314019,,,TMP00314020,,TMP00314020,
TMP00314021,,,TMP00314020,,TMP00314020,
TMP00314023,,,TMP00044515,00000酸厂母线,TMP00314026,
TMP00314025,,,TMP00314026,,TMP00045949,用户1715
TMP00314027,,,TMP00045949,用户1715,TMP00045949,用户1715
TMP00314030,,,TMP00044515,00000酸厂母线,TMP00044515,00000酸厂母线
TMP00314031,,,TMP00314034,,TMP00314034,
TMP00314032,,,TMP00044515,00000酸厂母线,TMP00314034,
TMP00314033,,,TMP00314034,,TMP00314034,
TMP00314035,,,TMP00314034,,TMP00314034,
TMP00314037,,,TMP00044516,00000较严见期江光放母线,TMP00314040,
TMP00314039,,,TMP00314040,,TMP00314040,
TMP00314041,,,TMP00314040,,TMP00045948,用户1716
TMP00314044,,,TMP00044516,00000较严见期江光放母线,TMP00314046,
TMP00314045,,,TMP00314046,,TMP00314046,
TMP00314047,,,TMP00314046,,TMP00314046,
TMP00314049,,,TMP00044516,00000较严见期江光放母线,TMP00044516,00000较严见期江光放母线
TMP00314050,,,TMP00314046,,TMP00314046,
TMP00314051,,,TMP00044517,00000府母个行者劳母线,TMP00314054,
TMP00314053,,,TMP00314054,,TMP00045947,用户1717
TMP00314055,,,TMP00045947,用户1717,TMP00045947,用户1717
TMP00314058,,,TMP00044517,00000府母个行者劳母线,TMP00314060,
TMP00314059,,,TMP00314060,,TMP00314060,
TMP00314061,,,TMP00314060,,TMP00314060,
TMP00314063,,,TMP00044517,00000府母个行者劳母线,TMP00044517,00000府母个行者劳母线
TMP00314064,,,TMP00314060,,TMP00314060,
TMP00314065,,,TMP00044518,00000市导真个行者劳母线,TMP00314068,
TMP00314067,,,TMP00314068,,TMP00314068,
TMP00313809,,,TMP00314068,,TMP00314068,
TMP00314069,,,TMP00044518,00000市导真个行者劳母线,TMP00314071,
TMP00314070,,,TMP00314071,,TMP00314071,
TMP00314072,,,TMP00314071,,TMP00314071,
TMP00314074,,,TMP00044518,00000市导真个行者劳母线,TMP00044518,00000市导真个行者劳母线
TMP00314075,,,TMP00314071,,TMP00314071,
TMP00314076,,,TMP00044519,00000LINE369_线,TMP00314079,
TMP00314078,,,TMP00314079,,TMP00314079,
TMP00314080,,,TMP00314079,,TMP00045945,用户1719
TMP00314083,,,TMP00044519,00000LINE369_线,TMP00044519,00000LINE369_线
TMP00314084,,,TMP00314087,,TMP00314087,
TMP00314085,,,TMP00044519,00000LINE369_线,TMP00314087,
TMP00314086,,,TMP00314087,,TMP00314087,
TMP00314088,,,TMP00314087,,TMP00314087,
TMP00314090,,,TMP00046415,配变2192,TMP00314093,
TMP00314092,,,TMP00314093,,TMP00045944,用户1720
TMP00314094,,,TMP00045944,用户1720,TMP00045944,用户1720
TMP00314097,,,TMP00044554,00000发个放治退LINE369_线,TMP00314099,
TMP00314098,,,TMP00314099,,TMP00314099,
TMP00314100,,,TMP00314099,,TMP00314099,
TMP00314102,,,TMP00044554,00000发个放治退LINE369_线,TMP00044554,00000发个放治退LINE369_线
TMP00314103,,,TMP00314099,,TMP00314099,
TMP00314104,,,TMP00044562,00000形个行者劳6220081964,TMP00314107,
TMP00314106,,,TMP00314107,,TMP00045943,用户1721
TMP00314108,,,TMP00045943,用户1721,TMP00045943,用户1721
TMP00314111,,,TMP00044562,00000形个行者劳6220081964,TMP00044562,00000形个行者劳6220081964
TMP00314112,,,TMP00314115,,TMP00314115,
TMP00314113,,,TMP00044562,00000形个行者劳6220081964,TMP00314115,
TMP00314114,,,TMP00314115,,TMP00314115,
TMP00314116,,,TMP00314115,,TMP00314115,
TMP00314118,,,TMP00044563,00000民无儿电波个行者劳母线,TMP00314121,
TMP00314120,,,TMP00314121,,TMP00045942,用户1722
TMP00314122,,,TMP00045942,用户1722,TMP00045942,用户1722
TMP00314125,,,TMP00044563,00000民无儿电波个行者劳母线,TMP00044563,00000民无儿电波个行者劳母线
TMP00314126,,,TMP00314129,,TMP00314129,
TMP00314127,,,TMP00044563,00000民无儿电波个行者劳母线,TMP00314129,
TMP00314128,,,TMP00314129,,TMP00314129,
TMP00314130,,,TMP00314129,,TMP00314129,
TMP00314132,,,TMP00044550,00000较民张个行者劳母线,TMP00314146,
TMP00314134,,,TMP00314146,,TMP00314146,
TMP00314139,,,TMP00044550,00000较民张个行者劳母线,TMP00314141,
TMP00314140,,,TMP00314141,,TMP00314141,
TMP00314142,,,TMP00314141,,TMP00314141,
TMP00314144,,,TMP00044550,00000较民张个行者劳母线,TMP00044550,00000较民张个行者劳母线
TMP00314145,,,TMP00314146,,TMP00314146,
TMP00314136,,,TMP00314146,,TMP00314146,
TMP00314147,,,TMP00314146,,TMP00314146,
TMP00314148,,,TMP00044530,00000场做深个行者劳8118517540母线,TMP00314151,
TMP00314150,,,TMP00314151,,TMP00314151,
TMP00314152,,,TMP00314151,,TMP00314151,
TMP00314154,,,TMP00044530,00000场做深个行者劳8118517540母线,TMP00314156,
TMP00314155,,,TMP00314156,,TMP00314156,
TMP00314157,,,TMP00314156,,TMP00314156,
TMP00314160,,,TMP00044530,00000场做深个行者劳8118517540母线,TMP00044530,00000场做深个行者劳8118517540母线
TMP00314161,,,TMP00314156,,TMP00314156,
TMP00314162,,,TMP00044520,00000星开发个SUB009_败环马导较真除个行者劳母线,TMP00314165,
TMP00314164,,,TMP00314165,,TMP00314165,
TMP00314166,,,TMP00314165,,TMP00314165,
TMP00314168,,,TMP00044520,00000星开发个SUB009_败环马导较真除个行者劳母线,TMP00044520,00000星开发个SUB009_败环马导较真除个行者劳母线
TMP00314169,,,TMP00314172,,TMP00314172,
TMP00314170,,,TMP00044520,00000星开发个SUB009_败环马导较真除个行者劳母线,TMP00314172,
TMP00314171,,,TMP00314172,,TMP00314172,
TMP00314173,,,TMP00314172,,TMP00314172,
TMP00314176,,,TMP00044577,00000书较梯个行交还者劳母线,TMP00314179,
TMP00314178,,,TMP00314179,,TMP00314179,
TMP00314180,,,TMP00314179,,TMP00045938,用户1726
TMP00314183,,,TMP00044577,00000书较梯个行交还者劳母线,TMP00044577,00000书较梯个行交还者劳母线
TMP00314184,,,TMP00314187,,TMP00314187,
TMP00314185,,,TMP00044577,00000书较梯个行交还者劳母线,TMP00314187,
TMP00314186,,,TMP00314187,,TMP00314187,
TMP00314188,,,TMP00314187,,TMP00314187,
TMP00314190,,,TMP00046024,用户1640,TMP00046024,用户1640
TMP00314192,,,TMP00046024,用户1640,TMP00046024,用户1640
TMP00314193,,,TMP00046012,用户1652,TMP00046012,用户1652
TMP00314195,,,TMP00046012,用户1652,TMP00046012,用户1652
TMP00314196,,,TMP00046011,用户1653,TMP00046011,用户1653
TMP00314198,,,TMP00046011,用户1653,TMP00046011,用户1653
TMP00314199,,,TMP00045935,用户1729,TMP00045935,用户1729
TMP00314203,,,TMP00045935,用户1729,TMP00046006,用户1658
TMP00314205,,,TMP00046006,用户1658,TMP00046006,用户1658
TMP00314206,,,TMP00046005,用户1659,TMP00046005,用户1659
TMP00314208,,,TMP00046005,用户1659,TMP00046005,用户1659
TMP00314209,,,TMP00046004,用户1660,TMP00046004,用户1660
TMP00314211,,,TMP00046004,用户1660,TMP00046004,用户1660
TMP00314212,,,TMP00045996,用户1668,TMP00045996,用户1668
TMP00314214,,,TMP00045996,用户1668,TMP00045996,用户1668
TMP00314215,,,TMP00046000,用户1664,TMP00046000,用户1664
TMP00314217,,,TMP00046000,用户1664,TMP00046000,用户1664
TMP00314218,,,TMP00045999,用户1665,TMP00045999,用户1665
TMP00314220,,,TMP00045999,用户1665,TMP00045999,用户1665
TMP00314221,,,TMP00045998,用户1666,TMP00045998,用户1666
TMP00314223,,,TMP00045998,用户1666,TMP00045998,用户1666
TMP00314224,,,TMP00045934,用户1730,TMP00045934,用户1730
TMP00314227,,,TMP00045934,用户1730,TMP00045934,用户1730
TMP00314228,,,TMP00045934,用户1730,TMP00045934,用户1730
TMP00314230,,,TMP00045934,用户1730,TMP00045934,用户1730
TMP00314231,,,TMP00045934,用户1730,TMP00045934,用户1730
TMP00314233,,,TMP00045934,用户1730,TMP00045934,用户1730
TMP00314234,,,TMP00045991,用户1673,TMP00045991,用户1673
TMP00314236,,,TMP00045991,用户1673,TMP00045991,用户1673
TMP00314237,,,TMP00045988,用户1676,TMP00045988,用户1676
TMP00314239,,,TMP00045984,用户1680,TMP00045984,用户1680
TMP00314241,,,TMP00045984,用户1680,TMP00045984,用户1680
TMP00314242,,,TMP00045983,用户1681,TMP00045983,用户1681
TMP00314244,,,TMP00045983,用户1681,TMP00045983,用户1681
TMP00314245,,,TMP00045982,用户1682,TMP00045982,用户1682
TMP00314247,,,TMP00045982,用户1682,TMP00045982,用户1682
TMP00314248,,,TMP00045980,用户1684,TMP00045980,用户1684
TMP00314250,,,TMP00045980,用户1684,TMP00045980,用户1684
TMP00314251,,,TMP00045979,用户1685,TMP00045979,用户1685
TMP00314253,,,TMP00045979,用户1685,TMP00045979,用户1685
TMP00314254,,,TMP00045976,用户1688,TMP00045976,用户1688
TMP00314256,,,TMP00045976,用户1688,TMP00045976,用户1688
TMP00314257,,,TMP00045974,用户1690,TMP00045974,用户1690
TMP00314259,,,TMP00045974,用户1690,TMP00045974,用户1690
TMP00314260,,,TMP00045972,用户1692,TMP00045972,用户1692
TMP00314261,,,TMP00045972,用户1692,TMP00045972,用户1692
TMP00314262,,,TMP00045970,用户1694,TMP00045970,用户1694
TMP00314264,,,TMP00045970,用户1694,TMP00045970,用户1694
TMP00314265,,,TMP00045969,用户1695,TMP00045969,用户1695
TMP00314267,,,TMP00045969,用户1695,TMP00045969,用户1695
TMP00314268,,,TMP00045968,用户1696,TMP00045968,用户1696
TMP00314270,,,TMP00045968,用户1696,TMP00045968,用户1696
TMP00314271,,,TMP00045966,用户1698,TMP00045966,用户1698
TMP00314273,,,TMP00045966,用户1698,TMP00045966,用户1698
TMP00314274,,,TMP00045966,用户1698,TMP00045966,用户1698
TMP00314276,,,TMP00045966,用户1698,TMP00045966,用户1698
TMP00314277,,,TMP00045965,用户1699,TMP00045965,用户1699
TMP00314279,,,TMP00045965,用户1699,TMP00045965,用户1699
TMP00314280,,,TMP00045964,用户1700,TMP00045964,用户1700
TMP00314282,,,TMP00045964,用户1700,TMP00045964,用户1700
TMP00314283,,,TMP00045961,用户1703,TMP00045961,用户1703
TMP00314285,,,TMP00045961,用户1703,TMP00045961,用户1703
TMP00314286,,,TMP00046022,用户1642,TMP00046022,用户1642
TMP00314288,,,TMP00046022,用户1642,TMP00046022,用户1642
TMP00314289,,,TMP00046021,用户1643,TMP00046021,用户1643
TMP00314291,,,TMP00046021,用户1643,TMP00046021,用户1643
TMP00314292,,,TMP00046020,用户1644,TMP00046020,用户1644
TMP00314294,,,TMP00046020,用户1644,TMP00046020,用户1644
TMP00314295,,,TMP00046018,用户1646,TMP00046018,用户1646
TMP00314297,,,TMP00046018,用户1646,TMP00046018,用户1646
TMP00314298,,,TMP00046017,用户1647,TMP00046017,用户1647
TMP00314300,,,TMP00046017,用户1647,TMP00046017,用户1647
TMP00314301,,,TMP00046016,用户1648,TMP00046016,用户1648
TMP00314303,,,TMP00046016,用户1648,TMP00046016,用户1648
TMP00314304,,,TMP00046015,用户1649,TMP00046015,用户1649
TMP00314306,,,TMP00046015,用户1649,TMP00046015,用户1649
TMP00314307,,,TMP00046014,用户1650,TMP00046014,用户1650
TMP00314309,,,TMP00046014,用户1650,TMP00046014,用户1650
TMP00314310,,,TMP00046013,用户1651,TMP00046013,用户1651
TMP00314312,,,TMP00046013,用户1651,TMP00046013,用户1651
TMP00314313,,,TMP00045960,用户1704,TMP00045960,用户1704
TMP00314314,,,TMP00045960,用户1704,TMP00045960,用户1704
TMP00314315,,,TMP00045959,用户1705,TMP00045959,用户1705
TMP00314317,,,TMP00045959,用户1705,TMP00045959,用户1705
TMP00314318,,,TMP00045958,用户1706,TMP00045958,用户1706
TMP00314320,,,TMP00045958,用户1706,TMP00045958,用户1706
TMP00314321,,,TMP00045957,用户1707,TMP00045957,用户1707
TMP00314322,,,TMP00045957,用户1707,TMP00045957,用户1707
TMP00314323,,,TMP00045955,用户1709,TMP00045955,用户1709
TMP00314325,,,TMP00045955,用户1709,TMP00045955,用户1709
TMP00314326,,,TMP00045955,用户1709,TMP00045955,用户1709
TMP00314328,,,TMP00045955,用户1709,TMP00045955,用户1709
TMP00314329,,,TMP00045954,用户1710,TMP00045954,用户1710
TMP00314330,,,TMP00045954,用户1710,TMP00045954,用户1710
TMP00314331,,,TMP00045952,用户1712,TMP00045952,用户1712
TMP00314333,,,TMP00045952,用户1712,TMP00045952,用户1712
TMP00314334,,,TMP00046008,用户1656,TMP00046008,用户1656
TMP00314336,,,TMP00046009,用户1655,TMP00046009,用户1655
TMP00314337,,,TMP00046009,用户1655,TMP00046009,用户1655
TMP00314338,,,TMP00045985,用户1679,TMP00045985,用户1679
TMP00314339,,,TMP00045985,用户1679,TMP00045985,用户1679
TMP00314340,,,TMP00045962,用户1702,TMP00045962,用户1702
TMP00314341,,,TMP00045962,用户1702,TMP00045962,用户1702
TMP00313824,,,TMP00045962,用户1702,TMP00045962,用户1702
TMP00314342,,,TMP00046128,00000终端头510693,TMP00045939,用户1725
TMP00314175,,,TMP00045939,用户1725,TMP00314172,
TMP00314343,,,TMP00045949,用户1715,TMP00045949,用户1715
TMP00314029,,,TMP00045949,用户1715,TMP00045949,用户1715
TMP00314344,,,TMP00045937,用户1727,TMP00045937,用户1727
TMP00314346,,,TMP00045944,用户1720,TMP00045944,用户1720
TMP00314096,,,TMP00045944,用户1720,TMP00045944,用户1720
TMP00314347,,,TMP00045938,用户1726,TMP00045938,用户1726
TMP00314182,,,TMP00045938,用户1726,TMP00045938,用户1726
TMP00314348,,,TMP00045947,用户1717,TMP00045947,用户1717
TMP00314057,,,TMP00045947,用户1717,TMP00045947,用户1717
TMP00314349,,,TMP00045950,用户1714,TMP00045950,用户1714
TMP00314015,,,TMP00045950,用户1714,TMP00045950,用户1714
TMP00314350,,,TMP00045940,用户1724,TMP00045940,用户1724
TMP00314159,,,TMP00045940,用户1724,TMP00314156,
TMP00314351,,,TMP00045942,用户1722,TMP00045942,用户1722
TMP00314124,,,TMP00045942,用户1722,TMP00045942,用户1722
TMP00314352,,,TMP00045945,用户1719,TMP00045945,用户1719
TMP00314082,,,TMP00045945,用户1719,TMP00045945,用户1719
TMP00314353,,,TMP00045948,用户1716,TMP00045948,用户1716
TMP00314043,,,TMP00045948,用户1716,TMP00045948,用户1716
TMP00314354,,,TMP00045943,用户1721,TMP00045943,用户1721
TMP00314110,,,TMP00045943,用户1721,TMP00045943,用户1721
TMP00314355,,,TMP00045972,用户1692,TMP00045972,用户1692
TMP00314356,,,TMP00046358,配变2135,TMP00046020,用户1644
TMP00314357,,,TMP00045989,用户1675,TMP00045989,用户1675
TMP00314358,,,TMP00046307,配变2084,TMP00045987,用户1677
TMP00314359,,,TMP00046474,配变2251,TMP00046474,配变2251
TMP00314360,,,TMP00046461,配变2238,TMP00045975,用户1689
TMP00314361,,,TMP00046423,配变2200,TMP00046423,配变2200
TMP00314238,,,TMP00045988,用户1676,TMP00045988,用户1676
TMP00314363,,,TMP00046029,用户1635,TMP00046029,用户1635
TMP00314226,,,TMP00045934,用户1730,TMP00045934,用户1730
TMP00314345,,,TMP00045937,用户1727,TMP00045937,用户1727
TMP00314365,,,TMP00045934,用户1730,TMP00045934,用户1730
TMP00313625,,,TMP00045936,用户1728,TMP00045936,用户1728
TMP00314366,,,TMP00045936,用户1728,TMP00045936,用户1728
TMP00314367,,,TMP00044257,刀闸0021,TMP00046425,配变2202
TMP00314368,,,TMP00045977,用户1687,TMP00045977,用户1687
TMP00314370,,,TMP00045977,用户1687,TMP00046424,配变2201
TMP00314201,,,TMP00045935,用户1729,TMP00045935,用户1729
TMP00314371,,,TMP00045935,用户1729,TMP00045935,用户1729
TMP00314202,,,TMP00045935,用户1729,TMP00045935,用户1729
TMP00314372,,,TMP00045935,用户1729,TMP00045935,用户1729
TMP00314373,,,TMP00045935,用户1729,TMP00045935,用户1729
TMP00314374,,,TMP00046335,配变2112,TMP00046335,配变2112
TMP00314377,,,TMP00044595,00000线,TMP00044595,00000线
TMP00314379,,,TMP00045935,用户1729,TMP00045935,用户1729
TMP00314380,,,TMP00046335,配变2112,TMP00046335,配变2112
TMP00314376,,,TMP00045935,用户1729,TMP00046335,配变2112
TMP00314381,,,TMP00045934,用户1730,TMP00045994,用户1670
TMP00314382,,,TMP00045941,用户1723,TMP00045941,用户1723
TMP00314383,,,TMP00045941,用户1723,TMP00046113,00000终端头904264
TMP00314138,,,TMP00046112,00000终端头937206,TMP00314146,
TMP00314384,,,TMP00044255,刀闸0019,TMP00044255,刀闸0019
TMP00314386,,,TMP00046423,配变2200,TMP00046423,配变2200
TMP00314387,,,TMP00045346,00000照1#~LINE216_争40照1-1#,TMP00044254,刀闸0018
TMP00314389,,,TMP00046422,配变2199,TMP00046422,配变2199
TMP00314390,,,TMP00046421,配变2198,TMP00046421,配变2198
TMP00314391,,,TMP00046422,配变2199,TMP00046422,配变2199
TMP00314393,,,TMP00046317,配变2094,TMP00045934,用户1730
TMP00314394,,,TMP00044252,刀闸0016,TMP00044252,刀闸0016
TMP00314396,,,TMP00046419,配变2196,TMP00046419,配变2196
TMP00314397,,,TMP00045933,用户1731,TMP00046418,配变2195
TMP00314398,,,TMP00045968,用户1696,TMP00045968,用户1696
TMP00313637,,,TMP00046111,00000站外-电缆终端头,TMP00045347,00000#~LINE216_争40照1#
TMP00314399,,,TMP00045932,用户1732,TMP00045932,用户1732
TMP00314403,,,TMP00045932,用户1732,TMP00045932,用户1732
TMP00314401,,,TMP00045932,用户1732,TMP00045932,用户1732
TMP00314404,,,TMP00046109,00000终端头510995,TMP00046551,配变2328
TMP00314407,,,TMP00044576,00000LINE370_线,TMP00046551,配变2328
TMP00314409,,,TMP00046551,配变2328,TMP00046551,配变2328
TMP00314411,,,TMP00044576,00000LINE370_线,TMP00044576,00000LINE370_线
TMP00314406,,,TMP00044576,00000LINE370_线,TMP00046551,配变2328
TMP00314412,,,TMP00044576,00000LINE370_线,TMP00046551,配变2328
TMP00314413,,,TMP00046551,配变2328,TMP00046551,配变2328
TMP00314402,,,TMP00045932,用户1732,TMP00043910,开关00022
TMP00314414,,,TMP00045290,00000争129#（57503）SUB011_断路器~LINE367_争129-1#,TMP00045290,00000争129#（57503）SUB011_断路器~LINE367_争129-1#
TMP00314416,,,TMP00044449,刀闸0147,TMP00044449,刀闸0147
TMP00314419,,,TMP00044449,刀闸0147,TMP00044449,刀闸0147
TMP00314421,,,TMP00045340,00000白1#-LINE216_争11白2#数线,TMP00045340,00000白1#-LINE216_争11白2#数线
TMP00314418,,,TMP00044449,刀闸0147,TMP00044449,刀闸0147
TMP00314423,,,TMP00045334,00000#~LINE216_争14#,TMP00045334,00000#~LINE216_争14#
TMP00314426,,,TMP00046563,避雷器004,TMP00046563,避雷器004
TMP00314428,,,TMP00043892,开关00004,TMP00043892,开关00004
TMP00314425,,,TMP00043921,开关00033,TMP00045334,00000#~LINE216_争14#
TMP00314430,,,TMP00044448,刀闸0146,TMP00044448,刀闸0146
TMP00314432,,,TMP00044381,刀闸0145,TMP00043895,开关00007
TMP00313569,,,TMP00044450,刀闸0148,TMP00044450,刀闸0148
TMP00314435,,,TMP00043898,开关00010,TMP00043898,开关00010
TMP00314437,,,TMP00046108,00000终端头604736,TMP00046434,配变2211
TMP00314438,,,TMP00046434,配变2211,TMP00046434,配变2211
TMP00314440,,,TMP00046414,配变2191,TMP00046414,配变2191
TMP00314442,,,TMP00046454,配变2231,TMP00046454,配变2231
TMP00314444,,,TMP00043894,开关00006,TMP00044307,刀闸0071
TMP00314446,,,TMP00044249,刀闸0013,TMP00044249,刀闸0013
TMP00314448,,,TMP00043893,开关00005,TMP00043893,开关00005
TMP00314450,,,TMP00046106,00000终端头960422,TMP00046106,00000终端头960422
TMP00314452,,,TMP00046106,00000终端头960422,TMP00046106,00000终端头960422
TMP00314454,,,TMP00044247,刀闸0011,TMP00044247,刀闸0011
TMP00314456,,,TMP00046416,配变2193,TMP00046416,配变2193
TMP00314457,,,TMP00046415,配变2192,TMP00046415,配变2192
TMP00314458,,,TMP00046414,配变2191,TMP00046414,配变2191
TMP00314459,,,TMP00046413,配变2190,TMP00046413,配变2190
TMP00314460,,,TMP00046412,配变2189,TMP00046412,配变2189
TMP00314461,,,TMP00046412,配变2189,TMP00044248,刀闸0012
TMP00314463,,,TMP00043892,开关00004,TMP00043892,开关00004
TMP00314465,,,TMP00045931,用户1733,TMP00045931,用户1733
TMP00314467,,,TMP00045931,用户1733,TMP00045931,用户1733
TMP00314469,,,TMP00045931,用户1733,TMP00046001,用户1663
TMP00314471,,,TMP00045931,用户1733,TMP00045931,用户1733
TMP00314470,,,TMP00046001,用户1663,TMP00046001,用户1663
TMP00314472,,,TMP00045931,用户1733,TMP00045931,用户1733
TMP00314468,,,TMP00046001,用户1663,TMP00045931,用户1733
TMP00314473,,,TMP00046105,00000终端头972738,TMP00046105,00000终端头972738
TMP00313891,,,TMP00046104,00000终端头932634,TMP00046104,00000终端头932634
TMP00314335,,,TMP00046008,用户1656,TMP00046008,用户1656
TMP00314475,,,TMP00314476,,TMP00314476,
