trace_uuid,equip_id,point_id,line_id,result_type,rule_code,rule_desc,detail,switch_status,risk_level,review_required,left_feeder,right_feeder,left_station,right_station,source_count,is_planned_loop
DIST_001,TMP00040558,"TMP00062238,TMP00062239,TMP00074111,TMP00109593,TMP00093342",,疑似联络环(需复核),R_TIE_001,检测到计划联络环，需要复核开关实际遥信状态,"环路跨馈线:['TMP00000089', 'TMP00000103', 'TMP00000180', 'TMP00000106', 'TMP00000094', 'TMP00000104', 'TMP00000091', 'TMP00000105', 'TMP00000149', 'TMP00000088']，环内存在联络开关候选：TMP00040558[刀闸0004]",,中,True,TMP00000089,TMP00000103,,,0,True
DIST_001,TMP00004734,"TMP00053721,TMP00053722,TMP00065600,TMP00107086,TMP00090835",,疑似联络环(需复核),R_TIE_001,检测到计划联络环，需要复核开关实际遥信状态,"环路跨馈线:['TMP00000078', 'TMP00000162']，环内存在联络开关候选：TMP00004734[开关00024]",,中,True,TMP00000078,TMP00000162,,,0,True
DIST_001,TMP00008928,"TMP00053716,TMP00065594,TMP00090626,TMP00106877,TMP00065580",,疑似联络环(需复核),R_TIE_001,检测到计划联络环，需要复核开关实际遥信状态,"环路跨馈线:['TMP00000078', 'TMP00000162']，环内存在联络开关候选：TMP00008928[开关00043]",,中,True,TMP00000078,TMP00000162,,,0,True
DIST_001,TMP00014268,"TMP00058230,TMP00090602,TMP00106853,TMP00090569,TMP00106820",,疑似联络环(需复核),R_TIE_001,检测到计划联络环，需要复核开关实际遥信状态,"环路跨馈线:['TMP00000016', 'TMP00000027', 'TMP00000103', 'TMP00000089', 'TMP00000051', 'TMP00000014', 'TMP00000078', 'TMP00000106', 'TMP00000094', 'TMP00000104', 'TMP00000091', 'TMP00000066', 'TMP00000050', 'TMP00000162', 'TMP00000149', 'TMP00000011']，环内存在联络开关候选：TMP00014268[开关00031]",,中,True,TMP00000016,TMP00000027,,,0,True
DIST_001,TMP00004919,"TMP00064042,TMP00064043,TMP00075915,TMP00079852,TMP00083477",,疑似联络环(需复核),R_TIE_001,检测到计划联络环，需要复核开关实际遥信状态,"环路跨馈线:['TMP00000055', 'TMP00000068']，环内存在联络开关候选：TMP00004919[开关00075]",,中,True,TMP00000055,TMP00000068,,,0,True
DIST_001,TMP00004910,"TMP00053898,TMP00053897,TMP00065775,TMP00091017,TMP00107268",,疑似联络环(需复核),R_TIE_001,检测到计划联络环，需要复核开关实际遥信状态,"环路跨馈线:['TMP00000055', 'TMP00000068']，环内存在联络开关候选：TMP00004910[开关00066]",,中,True,TMP00000055,TMP00000068,,,0,True
DIST_001,TMP00004928,"TMP00053890,TMP00065768,TMP00090960,TMP00107211,TMP00065787",,疑似联络环(需复核),R_TIE_001,检测到计划联络环，需要复核开关实际遥信状态,"环路跨馈线:['TMP00000055', 'TMP00000068']，环内存在联络开关候选：TMP00004928[开关00084]",,中,True,TMP00000055,TMP00000068,,,0,True
DIST_001,TMP00004872,"TMP00077098,TMP00058304,TMP00070178,TMP00090955,TMP00107206",,疑似联络环(需复核),R_TIE_001,检测到计划联络环，需要复核开关实际遥信状态,"环路跨馈线:['TMP00000055', 'TMP00000068']，环内存在联络开关候选：TMP00004872[开关00028]",,中,True,TMP00000055,TMP00000068,,,0,True
DIST_001,TMP00003798,"TMP00052787,TMP00052788,TMP00082489,TMP00078864,TMP00052782",,疑似联络环(需复核),R_TIE_001,检测到计划联络环，需要复核开关实际遥信状态,"环路跨馈线:['TMP00000055', 'TMP00000068']，环内存在联络开关候选：TMP00003798[开关00006]",,中,True,TMP00000055,TMP00000068,,,0,True
DIST_001,TMP00004858,"TMP00052777,TMP00052776,TMP00064656,TMP00090964,TMP00107215",,疑似联络环(需复核),R_TIE_001,检测到计划联络环，需要复核开关实际遥信状态,"环路跨馈线:['TMP00000055', 'TMP00000068']，环内存在联络开关候选：TMP00004858[开关00014]",,中,True,TMP00000055,TMP00000068,,,0,True
DIST_001,TMP00040383,"TMP00080722,TMP00077095,TMP00058301,TMP00070175,TMP00098311",,疑似联络环(需复核),R_TIE_001,检测到计划联络环，需要复核开关实际遥信状态,"环路跨馈线:['TMP00000055', 'TMP00000068']，环内存在联络开关候选：TMP00040383[刀闸0011]",,中,True,TMP00000055,TMP00000068,,,0,True
DIST_001,TMP00005002,"TMP00053979,TMP00091001,TMP00107252,TMP00053989,TMP00065867",,疑似联络环(需复核),R_TIE_001,检测到计划联络环，需要复核开关实际遥信状态,"环路跨馈线:['TMP00000055', 'TMP00000068']，环内存在联络开关候选：TMP00005002[开关00158]",,中,True,TMP00000055,TMP00000068,,,0,True
DIST_001,TMP00004990,"TMP00053980,TMP00090995,TMP00107246,TMP00054004,TMP00065882",,疑似联络环(需复核),R_TIE_001,检测到计划联络环，需要复核开关实际遥信状态,"环路跨馈线:['TMP00000055', 'TMP00000068']，环内存在联络开关候选：TMP00004990[开关00146]",,中,True,TMP00000055,TMP00000068,,,0,True
DIST_001,TMP00008481,"TMP00077939,TMP00081565,TMP00060402,TMP00072274,TMP00091004",,疑似联络环(需复核),R_TIE_001,检测到计划联络环，需要复核开关实际遥信状态,"环路跨馈线:['TMP00000055', 'TMP00000068', 'TMP00000101']，环内存在联络开关候选：TMP00008481[开关00032]",,中,True,TMP00000055,TMP00000068,,,0,True
DIST_001,TMP00006210,"TMP00055191,TMP00067068,TMP00067067,TMP00055195,TMP00055194",,疑似联络环(需复核),R_TIE_001,检测到计划联络环，需要复核开关实际遥信状态,"环路跨馈线:['TMP00000123', 'TMP00000117']，环内存在联络开关候选：TMP00006210[开关00024]",,中,True,TMP00000123,TMP00000117,,,0,True
DIST_001,TMP00009054,"TMP00069864,TMP00058019,TMP00058004,TMP00069878,TMP00098413",,疑似联络环(需复核),R_TIE_001,检测到计划联络环，需要复核开关实际遥信状态,"环路跨馈线:['TMP00000082', 'TMP00000117']，环内存在联络开关候选：TMP00009054[开关00066]",,中,True,TMP00000082,TMP00000117,,,0,True
DIST_001,TMP00008680,"TMP00057611,TMP00098417,TMP00114668,TMP00069529,TMP00057655",,疑似联络环(需复核),R_TIE_001,检测到计划联络环，需要复核开关实际遥信状态,"环路跨馈线:['TMP00000135', 'TMP00000063']，环内存在联络开关候选：TMP00008680[开关00014]",,中,True,TMP00000135,TMP00000063,,,0,True
DIST_001,TMP00009087,"TMP00057999,TMP00069873,TMP00114788,TMP00098537,TMP00098424",,疑似联络环(需复核),R_TIE_001,检测到计划联络环，需要复核开关实际遥信状态,"环路跨馈线:['TMP00000135', 'TMP00000063', 'TMP00000117', 'TMP00000082']，环内存在联络开关候选：TMP00009087[开关00084]",,中,True,TMP00000135,TMP00000063,,,0,True
DIST_001,TMP00008677,"TMP00057618,TMP00057617,TMP00057614,TMP00069488,TMP00098534",,疑似联络环(需复核),R_TIE_001,检测到计划联络环，需要复核开关实际遥信状态,"环路跨馈线:['TMP00000135', 'TMP00000063']，环内存在联络开关候选：TMP00008677[开关00011]",,中,True,TMP00000135,TMP00000063,,,0,True
DIST_001,TMP00008704,"TMP00057620,TMP00057623,TMP00057624,TMP00069498,TMP00098416",,疑似联络环(需复核),R_TIE_001,检测到计划联络环，需要复核开关实际遥信状态,"环路跨馈线:['TMP00000135', 'TMP00000063']，环内存在联络开关候选：TMP00008704[开关00028]",,中,True,TMP00000135,TMP00000063,,,0,True
DIST_001,TMP00009055,"TMP00069862,TMP00058018,TMP00058005,TMP00058003,TMP00058000",,疑似联络环(需复核),R_TIE_001,检测到计划联络环，需要复核开关实际遥信状态,"环路跨馈线:['TMP00000082', 'TMP00000117']，环内存在联络开关候选：TMP00009055[开关00067]",,中,True,TMP00000082,TMP00000117,,,0,True
DIST_001,TMP00042273,"TMP00058228,TMP00058227,TMP00070101,TMP00107361,TMP00091110",,疑似联络环(需复核),R_TIE_001,检测到计划联络环，需要复核开关实际遥信状态,"环路跨馈线:['TMP00000051', 'TMP00000101', 'TMP00000106', 'TMP00000052', 'TMP00000068', 'TMP00000162', 'TMP00000016', 'TMP00000103', 'TMP00000066', 'TMP00000050', 'TMP00000117', 'TMP00000089', 'TMP00000094', 'TMP00000055', 'TMP00000056', 'TMP00000082', 'TMP00000027', 'TMP00000057', 'TMP00000179', 'TMP00000014', 'TMP00000078', 'TMP00000104', 'TMP00000091', 'TMP00000123', 'TMP00000149', 'TMP00000011']，环内存在联络开关候选：TMP00042273[刀闸0013]",,中,True,TMP00000051,TMP00000101,,,0,True
DIST_001,TMP00010882,"TMP00055084,TMP00066961,TMP00117258,TMP00101007,TMP00071662",,疑似联络环(需复核),R_TIE_001,检测到计划联络环，需要复核开关实际遥信状态,"环路跨馈线:['TMP00000123', 'TMP00000101']，环内存在联络开关候选：TMP00010882[开关00046]",,中,True,TMP00000123,TMP00000101,,,0,True
DIST_001,TMP00006108,"TMP00055084,TMP00055085,TMP00066962,TMP00092526,TMP00108777",,疑似联络环(需复核),R_TIE_001,检测到计划联络环，需要复核开关实际遥信状态,"环路跨馈线:['TMP00000123', 'TMP00000101']，环内存在联络开关候选：TMP00006108[开关00024]",,中,True,TMP00000123,TMP00000101,,,0,True
DIST_001,TMP00004964,"TMP00053937,TMP00065815,TMP00065816,TMP00065817,TMP00065818",,疑似联络环(需复核),R_TIE_001,检测到计划联络环，需要复核开关实际遥信状态,"环路跨馈线:['TMP00000055', 'TMP00000068']，环内存在联络开关候选：TMP00004964[开关00120]",,中,True,TMP00000055,TMP00000068,,,0,True
DIST_001,TMP00004900,"TMP00053958,TMP00090984,TMP00107235,TMP00053931,TMP00065809",,疑似联络环(需复核),R_TIE_001,检测到计划联络环，需要复核开关实际遥信状态,"环路跨馈线:['TMP00000055', 'TMP00000068']，环内存在联络开关候选：TMP00004900[开关00056]",,中,True,TMP00000055,TMP00000068,,,0,True
DIST_001,TMP00005026,"TMP00053959,TMP00090994,TMP00107245,TMP00054013,TMP00065891",,疑似联络环(需复核),R_TIE_001,检测到计划联络环，需要复核开关实际遥信状态,"环路跨馈线:['TMP00000055', 'TMP00000068']，环内存在联络开关候选：TMP00005026[开关00182]",,中,True,TMP00000055,TMP00000068,,,0,True
DIST_001,TMP00004982,"TMP00053960,TMP00090993,TMP00107244,TMP00053968,TMP00065846",,疑似联络环(需复核),R_TIE_001,检测到计划联络环，需要复核开关实际遥信状态,"环路跨馈线:['TMP00000055', 'TMP00000068']，环内存在联络开关候选：TMP00004982[开关00138]",,中,True,TMP00000055,TMP00000068,,,0,True
DIST_001,TMP00039660,"TMP00081523,TMP00077897,TMP00074186,TMP00062314,TMP00080140",,疑似联络环(需复核),R_TIE_001,检测到计划联络环，需要复核开关实际遥信状态,"环路跨馈线:['TMP00000016', 'TMP00000056']，环内存在联络开关候选：TMP00039660[刀闸0001]",,中,True,TMP00000016,TMP00000056,,,0,True
DIST_001,TMP00011965,"TMP00060798,TMP00072662,TMP00072663,TMP00081852,TMP00078226",,疑似联络环(需复核),R_TIE_001,检测到计划联络环，需要复核开关实际遥信状态,"环路跨馈线:['TMP00000016', 'TMP00000027']，环内存在联络开关候选：TMP00011965[开关00116]",,中,True,TMP00000016,TMP00000027,,,0,True
DIST_001,TMP00006570,"TMP00065001,TMP00053122,TMP00053121,TMP00065000,TMP00065002",,疑似联络环(需复核),R_TIE_001,检测到计划联络环，需要复核开关实际遥信状态,"环路跨馈线:['TMP00000033', 'TMP00000034']，环内存在联络开关候选：TMP00006570[开关00142]",,中,True,TMP00000033,TMP00000034,,,0,True
DIST_001,TMP00004078,"TMP00053040,TMP00064919,TMP00098870,TMP00115121,TMP00064941",,疑似联络环(需复核),R_TIE_001,检测到计划联络环，需要复核开关实际遥信状态,"环路跨馈线:['TMP00000033', 'TMP00000034']，环内存在联络开关候选：TMP00004078[开关00064]",,中,True,TMP00000033,TMP00000034,,,0,True
DIST_001,TMP00004069,"TMP00053040,TMP00053041,TMP00053042,TMP00064921,TMP00098867",,疑似联络环(需复核),R_TIE_001,检测到计划联络环，需要复核开关实际遥信状态,"环路跨馈线:['TMP00000033', 'TMP00000034']，环内存在联络开关候选：TMP00004069[开关00055]",,中,True,TMP00000033,TMP00000034,,,0,True
DIST_001,TMP00004033,"TMP00052992,TMP00064871,TMP00089438,TMP00105689,TMP00064891",,疑似联络环(需复核),R_TIE_001,检测到计划联络环，需要复核开关实际遥信状态,"环路跨馈线:['TMP00000033', 'TMP00000034']，环内存在联络开关候选：TMP00004033[开关00031]",,中,True,TMP00000033,TMP00000034,,,0,True
DIST_001,TMP00004008,"TMP00052992,TMP00052991,TMP00064870,TMP00089439,TMP00105690",,疑似联络环(需复核),R_TIE_001,检测到计划联络环，需要复核开关实际遥信状态,"环路跨馈线:['TMP00000033', 'TMP00000034']，环内存在联络开关候选：TMP00004008[开关00006]",,中,True,TMP00000033,TMP00000034,,,0,True
DIST_001,TMP00004007,"TMP00052995,TMP00052987,TMP00064866,TMP00064865,TMP00052986",,疑似联络环(需复核),R_TIE_001,检测到计划联络环，需要复核开关实际遥信状态,"环路跨馈线:['TMP00000033', 'TMP00000034']，环内存在联络开关候选：TMP00004007[开关00005]",,中,True,TMP00000033,TMP00000034,,,0,True
DIST_001,TMP00004055,"TMP00054110,TMP00065988,TMP00091259,TMP00107510,TMP00091260",,疑似联络环(需复核),R_TIE_001,检测到计划联络环，需要复核开关实际遥信状态,"环路跨馈线:['TMP00000033', 'TMP00000034']，环内存在联络开关候选：TMP00004055[开关00041]",,中,True,TMP00000033,TMP00000034,,,0,True
DIST_001,TMP00004072,"TMP00053036,TMP00064915,TMP00064916,TMP00053037,TMP00053045",,疑似联络环(需复核),R_TIE_001,检测到计划联络环，需要复核开关实际遥信状态,"环路跨馈线:['TMP00000033', 'TMP00000034']，环内存在联络开关候选：TMP00004072[开关00058]",,中,True,TMP00000033,TMP00000034,,,0,True
DIST_001,TMP00004132,"TMP00053102,TMP00064981,TMP00089493,TMP00105744,TMP00064999",,疑似联络环(需复核),R_TIE_001,检测到计划联络环，需要复核开关实际遥信状态,"环路跨馈线:['TMP00000039', 'TMP00000033']，环内存在联络开关候选：TMP00004132[开关00032]",,中,True,TMP00000039,TMP00000033,,,0,True
DIST_001,TMP00009577,"TMP00053102,TMP00053101,TMP00053100,TMP00064979,TMP00098906",,疑似联络环(需复核),R_TIE_001,检测到计划联络环，需要复核开关实际遥信状态,"环路跨馈线:['TMP00000039', 'TMP00000033']，环内存在联络开关候选：TMP00009577[开关00185]",,中,True,TMP00000039,TMP00000033,,,0,True
DIST_001,TMP00005203,"TMP00054196,TMP00066074,TMP00091450,TMP00107701,TMP00066100",,疑似联络环(需复核),R_TIE_001,检测到计划联络环，需要复核开关实际遥信状态,"环路跨馈线:['TMP00000039', 'TMP00000067']，环内存在联络开关候选：TMP00005203[开关00102]",,中,True,TMP00000039,TMP00000067,,,0,True
DIST_001,TMP00009634,"TMP00058554,TMP00070427,TMP00077178,TMP00080804,TMP00091444",,疑似联络环(需复核),R_TIE_001,检测到计划联络环，需要复核开关实际遥信状态,"环路跨馈线:['TMP00000039', 'TMP00000067']，环内存在联络开关候选：TMP00009634[开关00010]",,中,True,TMP00000039,TMP00000067,,,0,True
DIST_001,TMP00003761,"TMP00062163,TMP00062162,TMP00062161,TMP00074033,TMP00079037",,疑似联络环(需复核),R_TIE_001,检测到计划联络环，需要复核开关实际遥信状态,"环路跨馈线:['TMP00000039', 'TMP00000067', 'TMP00000131']，环内存在联络开关候选：TMP00003761[开关00001]",,中,True,TMP00000039,TMP00000067,,,0,True
DIST_001,TMP00042360,"TMP00079043,TMP00079970,TMP00083595,TMP00082668",,疑似联络环(需复核),R_TIE_001,检测到计划联络环，需要复核开关实际遥信状态,"环路跨馈线:['TMP00000039', 'TMP00000067']，环内存在联络开关候选：TMP00042360[刀闸0023]",,中,True,TMP00000039,TMP00000067,,,0,True
DIST_001,TMP00013376,"TMP00058554,TMP00058553,TMP00058552,TMP00070425,TMP00077175",,疑似联络环(需复核),R_TIE_001,检测到计划联络环，需要复核开关实际遥信状态,"环路跨馈线:['TMP00000039', 'TMP00000067', 'TMP00000131']，环内存在联络开关候选：TMP00013376[开关00198]",,中,True,TMP00000039,TMP00000067,,,0,True
DIST_001,TMP00005605,"TMP00054587,TMP00054586,TMP00054585,TMP00066463,TMP00091676",,疑似联络环(需复核),R_TIE_001,检测到计划联络环，需要复核开关实际遥信状态,"环路跨馈线:['TMP00000011', 'TMP00000162']，环内存在联络开关候选：TMP00005605[开关00014]",,中,True,TMP00000011,TMP00000162,,,0,True
DIST_001,TMP00005643,"TMP00054594,TMP00066472,TMP00091451,TMP00107702,TMP00066481",,疑似联络环(需复核),R_TIE_001,检测到计划联络环，需要复核开关实际遥信状态,"环路跨馈线:['TMP00000011', 'TMP00000162']，环内存在联络开关候选：TMP00005643[开关00052]",,中,True,TMP00000011,TMP00000162,,,0,True
DIST_001,TMP00005275,"TMP00054331,TMP00066209,TMP00091464,TMP00107715,TMP00066139",,疑似联络环(需复核),R_TIE_001,检测到计划联络环，需要复核开关实际遥信状态,"环路跨馈线:['TMP00000039', 'TMP00000067']，环内存在联络开关候选：TMP00005275[开关00140]",,中,True,TMP00000039,TMP00000067,,,0,True
DIST_001,TMP00005352,"TMP00054331,TMP00054330,TMP00066208,TMP00091465,TMP00107716",,疑似联络环(需复核),R_TIE_001,检测到计划联络环，需要复核开关实际遥信状态,"环路跨馈线:['TMP00000039', 'TMP00000067']，环内存在联络开关候选：TMP00005352[开关00165]",,中,True,TMP00000039,TMP00000067,,,0,True
DIST_001,TMP00004205,"TMP00053177,TMP00065056,TMP00089484,TMP00105735,TMP00065074",,疑似联络环(需复核),R_TIE_001,检测到计划联络环，需要复核开关实际遥信状态,"环路跨馈线:['TMP00000039', 'TMP00000067']，环内存在联络开关候选：TMP00004205[开关00062]",,中,True,TMP00000039,TMP00000067,,,0,True
DIST_001,TMP00004851,"TMP00053829,TMP00053830,TMP00053831,TMP00065710,TMP00053832",,疑似联络环(需复核),R_TIE_001,检测到计划联络环，需要复核开关实际遥信状态,"环路跨馈线:['TMP00000047', 'TMP00000131']，环内存在联络开关候选：TMP00004851[开关00041]",,中,True,TMP00000047,TMP00000131,,,0,True
DIST_001,TMP00040717,"TMP00059341,TMP00077468,TMP00081094,TMP00103551,TMP00119802",,疑似联络环(需复核),R_TIE_001,检测到计划联络环，需要复核开关实际遥信状态,"环路跨馈线:['TMP00000047', 'TMP00000131', 'TMP00000125']，环内存在联络开关候选：TMP00040717[刀闸0029]",,中,True,TMP00000047,TMP00000131,,,0,True
DIST_001,TMP00007628,"TMP00056573,TMP00056572,TMP00056565,TMP00068441,TMP00068440",,疑似联络环(需复核),R_TIE_001,检测到计划联络环，需要复核开关实际遥信状态,"环路跨馈线:['TMP00000129', 'TMP00000125']，环内存在联络开关候选：TMP00007628[开关00126]",,中,True,TMP00000129,TMP00000125,,,0,True
DIST_001,TMP00005318,"TMP00054283,TMP00066161,TMP00091377,TMP00107628,TMP00066179",,疑似联络环(需复核),R_TIE_001,检测到计划联络环，需要复核开关实际遥信状态,"环路跨馈线:['TMP00000131', 'TMP00000125']，环内存在联络开关候选：TMP00005318[开关00030]",,中,True,TMP00000131,TMP00000125,,,0,True
DIST_001,TMP00005293,"TMP00054283,TMP00054282,TMP00066160,TMP00091376,TMP00107627",,疑似联络环(需复核),R_TIE_001,检测到计划联络环，需要复核开关实际遥信状态,"环路跨馈线:['TMP00000131', 'TMP00000125']，环内存在联络开关候选：TMP00005293[开关00005]",,中,True,TMP00000131,TMP00000125,,,0,True
DIST_001,TMP00012488,"TMP00061272,TMP00061270,TMP00061269,TMP00073141,TMP00082195",,疑似联络环(需复核),R_TIE_001,检测到计划联络环，需要复核开关实际遥信状态,"环路跨馈线:['TMP00000043', 'TMP00000076']，环内存在联络开关候选：TMP00012488[开关00132]",,中,True,TMP00000043,TMP00000076,,,0,True
DIST_001,TMP00012469,"TMP00061274,TMP00073146,TMP00102099,TMP00118350,TMP00073189",,疑似联络环(需复核),R_TIE_001,检测到计划联络环，需要复核开关实际遥信状态,"环路跨馈线:['TMP00000043', 'TMP00000076']，环内存在联络开关候选：TMP00012469[开关00114]",,中,True,TMP00000043,TMP00000076,,,0,True
DIST_001,TMP00040239,"TMP00057781,TMP00119842,TMP00103591,TMP00057834,TMP00069708",,疑似联络环(需复核),R_TIE_001,检测到计划联络环，需要复核开关实际遥信状态,"环路跨馈线:['TMP00000131', 'TMP00000076']，环内存在联络开关候选：TMP00040239[刀闸0002]",,中,True,TMP00000131,TMP00000076,,,0,True
DIST_001,TMP00008891,"TMP00057783,TMP00103590,TMP00119841,TMP00057828,TMP00069702",,疑似联络环(需复核),R_TIE_001,检测到计划联络环，需要复核开关实际遥信状态,"环路跨馈线:['TMP00000131', 'TMP00000076']，环内存在联络开关候选：TMP00008891[开关00074]",,中,True,TMP00000131,TMP00000076,,,0,True
DIST_001,TMP00004832,"TMP00060265,TMP00060264,TMP00072136,TMP00103569,TMP00119820",,疑似联络环(需复核),R_TIE_001,检测到计划联络环，需要复核开关实际遥信状态,"环路跨馈线:['TMP00000047', 'TMP00000131', 'TMP00000125']，环内存在联络开关候选：TMP00004832[开关00022]",,中,True,TMP00000047,TMP00000131,,,0,True
DIST_001,TMP00004767,"TMP00053750,TMP00065628,TMP00080640,TMP00077013,TMP00065630",,疑似联络环(需复核),R_TIE_001,检测到计划联络环，需要复核开关实际遥信状态,"环路跨馈线:['TMP00000006', 'TMP00000085']，环内存在联络开关候选：TMP00004767[开关00008]",,中,True,TMP00000006,TMP00000085,,,0,True
DIST_001,TMP00006365,"TMP00057903,TMP00057904,TMP00069778,TMP00090826,TMP00107077",,疑似联络环(需复核),R_TIE_001,检测到计划联络环，需要复核开关实际遥信状态,"环路跨馈线:['TMP00000006', 'TMP00000085']，环内存在联络开关候选：TMP00006365[开关00003]",,中,True,TMP00000006,TMP00000085,,,0,True
DIST_001,TMP00004781,"TMP00053750,TMP00053747,TMP00053746,TMP00065624,TMP00108855",,疑似联络环(需复核),R_TIE_001,检测到计划联络环，需要复核开关实际遥信状态,"环路跨馈线:['TMP00000006', 'TMP00000085']，环内存在联络开关候选：TMP00004781[开关00022]",,中,True,TMP00000006,TMP00000085,,,0,True
DIST_001,TMP00004798,"TMP00061215,TMP00073087,TMP00078546,TMP00082172,TMP00107106",,疑似联络环(需复核),R_TIE_001,检测到计划联络环，需要复核开关实际遥信状态,"环路跨馈线:['TMP00000006', 'TMP00000085']，环内存在联络开关候选：TMP00004798[开关00039]",,中,True,TMP00000006,TMP00000085,,,0,True
DIST_001,TMP00005979,"TMP00054958,TMP00066835,TMP00092159,TMP00108410,TMP00066845",,疑似联络环(需复核),R_TIE_001,检测到计划联络环，需要复核开关实际遥信状态,"环路跨馈线:['TMP00000166', 'TMP00000081']，环内存在联络开关候选：TMP00005979[开关00023]",,中,True,TMP00000166,TMP00000081,,,0,True
DIST_001,TMP00005974,"TMP00054958,TMP00054957,TMP00066834,TMP00092160,TMP00108411",,疑似联络环(需复核),R_TIE_001,检测到计划联络环，需要复核开关实际遥信状态,"环路跨馈线:['TMP00000166', 'TMP00000081']，环内存在联络开关候选：TMP00005974[开关00018]",,中,True,TMP00000166,TMP00000081,,,0,True
DIST_001,TMP00009838,"TMP00058793,TMP00114624,TMP00098373,TMP00098375,TMP00114626",,疑似联络环(需复核),R_TIE_001,检测到计划联络环，需要复核开关实际遥信状态,"环路跨馈线:['TMP00000029', 'TMP00000069', 'TMP00000098']，环内存在联络开关候选：TMP00009838[开关00019]",,中,True,TMP00000029,TMP00000069,,,0,True
DIST_001,TMP00014611,"TMP00063402,TMP00063404,TMP00075276,TMP00103494,TMP00119745",,疑似联络环(需复核),R_TIE_001,检测到计划联络环，需要复核开关实际遥信状态,"环路跨馈线:['TMP00000100', 'TMP00000098']，环内存在联络开关候选：TMP00014611[开关00170]",,中,True,TMP00000100,TMP00000098,,,0,True
DIST_001,TMP00014601,"TMP00063393,TMP00075265,TMP00103491,TMP00119742,TMP00103485",,疑似联络环(需复核),R_TIE_001,检测到计划联络环，需要复核开关实际遥信状态,"环路跨馈线:['TMP00000100', 'TMP00000098']，环内存在联络开关候选：TMP00014601[开关00160]",,中,True,TMP00000100,TMP00000098,,,0,True
DIST_001,TMP00014776,"TMP00063565,TMP00063562,TMP00075434,TMP00103701,TMP00119952",,疑似联络环(需复核),R_TIE_001,检测到计划联络环，需要复核开关实际遥信状态,"环路跨馈线:['TMP00000100', 'TMP00000098']，环内存在联络开关候选：TMP00014776[开关00189]",,中,True,TMP00000100,TMP00000098,,,0,True
DIST_001,TMP00014835,"TMP00063598,TMP00075470,TMP00083266,TMP00079641,TMP00063597",,疑似联络环(需复核),R_TIE_001,检测到计划联络环，需要复核开关实际遥信状态,"环路跨馈线:['TMP00000100', 'TMP00000098']，环内存在联络开关候选：TMP00014835[开关00248]",,中,True,TMP00000100,TMP00000098,,,0,True
DIST_001,TMP00014786,"TMP00063586,TMP00063588,TMP00063591,TMP00075463,TMP00103704",,疑似联络环(需复核),R_TIE_001,检测到计划联络环，需要复核开关实际遥信状态,"环路跨馈线:['TMP00000100', 'TMP00000098']，环内存在联络开关候选：TMP00014786[开关00199]",,中,True,TMP00000100,TMP00000098,,,0,True
DIST_001,TMP00014811,"TMP00063573,TMP00063572,TMP00063566,TMP00075438,TMP00083267",,疑似联络环(需复核),R_TIE_001,检测到计划联络环，需要复核开关实际遥信状态,"环路跨馈线:['TMP00000100', 'TMP00000098']，环内存在联络开关候选：TMP00014811[开关00224]",,中,True,TMP00000100,TMP00000098,,,0,True
DIST_001,TMP00014803,"TMP00063592,TMP00075464,TMP00103698,TMP00119949,TMP00075539",,疑似联络环(需复核),R_TIE_001,检测到计划联络环，需要复核开关实际遥信状态,"环路跨馈线:['TMP00000100', 'TMP00000098']，环内存在联络开关候选：TMP00014803[开关00216]",,中,True,TMP00000100,TMP00000098,,,0,True
DIST_001,TMP00015563,"TMP00053257,TMP00065136,TMP00104029,TMP00120280,TMP00082342",,疑似联络环(需复核),R_TIE_001,检测到计划联络环，需要复核开关实际遥信状态,"环路跨馈线:['TMP00000029', 'TMP00000098']，环内存在联络开关候选：TMP00015563[开关00295]",,中,True,TMP00000029,TMP00000098,,,0,True
DIST_001,TMP00009611,"TMP00081265,TMP00077639,TMP00071530,TMP00059658,TMP00104024",,疑似联络环(需复核),R_TIE_001,检测到计划联络环，需要复核开关实际遥信状态,"环路跨馈线:['TMP00000029', 'TMP00000069', 'TMP00000098']，环内存在联络开关候选：TMP00009611[开关00047]",,中,True,TMP00000029,TMP00000069,,,0,True
DIST_001,TMP00004225,"TMP00053218,TMP00053217,TMP00053216,TMP00053215,TMP00065094",,疑似联络环(需复核),R_TIE_001,检测到计划联络环，需要复核开关实际遥信状态,"环路跨馈线:['TMP00000029', 'TMP00000098']，环内存在联络开关候选：TMP00004225[开关00007]",,中,True,TMP00000029,TMP00000098,,,0,True
DIST_001,TMP00012927,"TMP00057046,TMP00068921,TMP00102621,TMP00118872,TMP00073601",,疑似联络环(需复核),R_TIE_001,检测到计划联络环，需要复核开关实际遥信状态,"环路跨馈线:['TMP00000130', 'TMP00000010']，环内存在联络开关候选：TMP00012927[开关00088]",,中,True,TMP00000130,TMP00000010,,,0,True
DIST_001,TMP00008114,"TMP00057046,TMP00057045,TMP00057041,TMP00068916,TMP00098457",,疑似联络环(需复核),R_TIE_001,检测到计划联络环，需要复核开关实际遥信状态,"环路跨馈线:['TMP00000130', 'TMP00000010']，环内存在联络开关候选：TMP00008114[开关00045]",,中,True,TMP00000130,TMP00000010,,,0,True
DIST_001,TMP00012721,"TMP00061506,TMP00073378,TMP00102211,TMP00118462,TMP00073407",,疑似联络环(需复核),R_TIE_001,检测到计划联络环，需要复核开关实际遥信状态,"环路跨馈线:['TMP00000010', 'TMP00000137']，环内存在联络开关候选：TMP00012721[开关00088]",,中,True,TMP00000010,TMP00000137,,,0,True
DIST_001,TMP00012725,"TMP00061506,TMP00061502,TMP00061501,TMP00073373,TMP00102209",,疑似联络环(需复核),R_TIE_001,检测到计划联络环，需要复核开关实际遥信状态,"环路跨馈线:['TMP00000010', 'TMP00000137']，环内存在联络开关候选：TMP00012725[开关00092]",,中,True,TMP00000010,TMP00000137,,,0,True
DIST_001,TMP00015779,"TMP00064538,TMP00064536,TMP00064535,TMP00064534,TMP00064533",,疑似联络环(需复核),R_TIE_001,检测到计划联络环，需要复核开关实际遥信状态,"环路跨馈线:['TMP00000185', 'TMP00000137']，环内存在联络开关候选：TMP00015779[开关00215]",,中,True,TMP00000185,TMP00000137,,,0,True
DIST_001,TMP00012827,"TMP00061634,TMP00073506,TMP00118516,TMP00102265,TMP00073535",,疑似联络环(需复核),R_TIE_001,检测到计划联络环，需要复核开关实际遥信状态,"环路跨馈线:['TMP00000155', 'TMP00000137']，环内存在联络开关候选：TMP00012827[开关00123]",,中,True,TMP00000155,TMP00000137,,,0,True
DIST_001,TMP00012917,"TMP00069800,TMP00057926,TMP00103544,TMP00119795,TMP00103545",,疑似联络环(需复核),R_TIE_001,检测到计划联络环，需要复核开关实际遥信状态,"环路跨馈线:['TMP00000130', 'TMP00000166', 'TMP00000125', 'TMP00000010', 'TMP00000069', 'TMP00000047', 'TMP00000006', 'TMP00000164', 'TMP00000038', 'TMP00000131', 'TMP00000121', 'TMP00000081', 'TMP00000137']，环内存在联络开关候选：TMP00012917[开关00056]",,中,True,TMP00000130,TMP00000166,,,0,True
DIST_001,TMP00005262,"TMP00054634,TMP00103656,TMP00119907,TMP00066135,TMP00054257",,疑似联络环(需复核),R_TIE_001,检测到计划联络环，需要复核开关实际遥信状态,"环路跨馈线:['TMP00000164', 'TMP00000131']，环内存在联络开关候选：TMP00005262[开关00069]",,中,True,TMP00000164,TMP00000131,,,0,True
DIST_001,TMP00003966,"TMP00052949,TMP00064828,TMP00103644,TMP00119895,TMP00119815",,疑似联络环(需复核),R_TIE_001,检测到计划联络环，需要复核开关实际遥信状态,"环路跨馈线:['TMP00000164', 'TMP00000131']，环内存在联络开关候选：TMP00003966[开关00013]",,中,True,TMP00000164,TMP00000131,,,0,True
DIST_001,TMP00003957,"TMP00052949,TMP00052948,TMP00064827,TMP00103645,TMP00119896",,疑似联络环(需复核),R_TIE_001,检测到计划联络环，需要复核开关实际遥信状态,"环路跨馈线:['TMP00000164', 'TMP00000131']，环内存在联络开关候选：TMP00003957[开关00004]",,中,True,TMP00000164,TMP00000131,,,0,True
DIST_001,TMP00005321,"TMP00054305,TMP00054303,TMP00066181,TMP00066180,TMP00054302",,疑似联络环(需复核),R_TIE_001,检测到计划联络环，需要复核开关实际遥信状态,"环路跨馈线:['TMP00000164', 'TMP00000131']，环内存在联络开关候选：TMP00005321[开关00086]",,中,True,TMP00000164,TMP00000131,,,0,True
DIST_001,TMP00008433,"TMP00057380,TMP00069255,TMP00098305,TMP00114556,TMP00069271",,疑似联络环(需复核),R_TIE_001,检测到计划联络环，需要复核开关实际遥信状态,"环路跨馈线:['TMP00000134', 'TMP00000013']，环内存在联络开关候选：TMP00008433[开关00091]",,中,True,TMP00000134,TMP00000013,,,0,True
DIST_001,TMP00007683,"TMP00056633,TMP00068509,TMP00098272,TMP00114523,TMP00068531",,疑似联络环(需复核),R_TIE_001,检测到计划联络环，需要复核开关实际遥信状态,"环路跨馈线:['TMP00000134', 'TMP00000013']，环内存在联络开关候选：TMP00007683[开关00020]",,中,True,TMP00000134,TMP00000013,,,0,True
DIST_001,TMP00007677,"TMP00056633,TMP00056626,TMP00068502,TMP00068501,TMP00056625",,疑似联络环(需复核),R_TIE_001,检测到计划联络环，需要复核开关实际遥信状态,"环路跨馈线:['TMP00000134', 'TMP00000013']，环内存在联络开关候选：TMP00007677[开关00014]",,中,True,TMP00000134,TMP00000013,,,0,True
DIST_001,TMP00011074,"TMP00064477,TMP00076349,TMP00080039,TMP00083664,TMP00107895",,疑似联络环(需复核),R_TIE_001,检测到计划联络环，需要复核开关实际遥信状态,"环路跨馈线:['TMP00000164', 'TMP00000121', 'TMP00000081', 'TMP00000013', 'TMP00000069', 'TMP00000047', 'TMP00000059', 'TMP00000130', 'TMP00000166', 'TMP00000134', 'TMP00000010', 'TMP00000038', 'TMP00000137', 'TMP00000125', 'TMP00000060', 'TMP00000039', 'TMP00000006', 'TMP00000131', 'TMP00000011']，环内存在联络开关候选：TMP00011074[开关00010]",,中,True,TMP00000164,TMP00000121,,,0,True
DIST_001,TMP00014412,"TMP00063198,TMP00063201,TMP00063203,TMP00079505,TMP00083130",,疑似联络环(需复核),R_TIE_001,检测到计划联络环，需要复核开关实际遥信状态,"环路跨馈线:['TMP00000174', 'TMP00000059']，环内存在联络开关候选：TMP00014412[开关00023]",,中,True,TMP00000174,TMP00000059,,,0,True
DIST_001,TMP00010027,"TMP00058940,TMP00100753,TMP00117004,TMP00059468,TMP00071340",,疑似联络环(需复核),R_TIE_001,检测到计划联络环，需要复核开关实际遥信状态,"环路跨馈线:['TMP00000012', 'TMP00000132']，环内存在联络开关候选：TMP00010027[开关00063]",,中,True,TMP00000012,TMP00000132,,,0,True
DIST_001,TMP00043373,"TMP00057358,TMP00076921,TMP00080548,TMP00090248,TMP00106499",,疑似联络环(需复核),R_TIE_001,检测到计划联络环，需要复核开关实际遥信状态,"环路跨馈线:['TMP00000012', 'TMP00000132', 'TMP00000134', 'TMP00000060', 'TMP00000013']，环内存在联络开关候选：TMP00043373[刀闸0045]",,中,True,TMP00000012,TMP00000132,,,0,True
DIST_001,TMP00011185,"TMP00071958,TMP00071957,TMP00060085,TMP00101324,TMP00117575",,疑似联络环(需复核),R_TIE_001,检测到计划联络环，需要复核开关实际遥信状态,"环路跨馈线:['TMP00000012', 'TMP00000132']，环内存在联络开关候选：TMP00011185[开关00093]",,中,True,TMP00000012,TMP00000132,,,0,True
DIST_001,TMP00011187,"TMP00071959,TMP00071954,TMP00071953,TMP00071950,TMP00060078",,疑似联络环(需复核),R_TIE_001,检测到计划联络环，需要复核开关实际遥信状态,"环路跨馈线:['TMP00000012', 'TMP00000132']，环内存在联络开关候选：TMP00011187[开关00095]",,中,True,TMP00000012,TMP00000132,,,0,True
DIST_001,TMP00011218,"TMP00071958,TMP00060086,TMP00101326,TMP00117577,TMP00060118",,疑似联络环(需复核),R_TIE_001,检测到计划联络环，需要复核开关实际遥信状态,"环路跨馈线:['TMP00000012', 'TMP00000132']，环内存在联络开关候选：TMP00011218[开关00126]",,中,True,TMP00000012,TMP00000132,,,0,True
DIST_001,TMP00010034,"TMP00057092,TMP00076864,TMP00080491,TMP00101321,TMP00117572",,疑似联络环(需复核),R_TIE_001,检测到计划联络环，需要复核开关实际遥信状态,"环路跨馈线:['TMP00000012', 'TMP00000132']，环内存在联络开关候选：TMP00010034[开关00070]",,中,True,TMP00000012,TMP00000132,,,0,True
DIST_001,TMP00008138,"TMP00057070,TMP00068945,TMP00099684,TMP00115935,TMP00068992",,疑似联络环(需复核),R_TIE_001,检测到计划联络环，需要复核开关实际遥信状态,"环路跨馈线:['TMP00000012', 'TMP00000132']，环内存在联络开关候选：TMP00008138[开关00014]",,中,True,TMP00000012,TMP00000132,,,0,True
DIST_001,TMP00008142,"TMP00057074,TMP00057075,TMP00057082,TMP00057083,TMP00057084",,疑似联络环(需复核),R_TIE_001,检测到计划联络环，需要复核开关实际遥信状态,"环路跨馈线:['TMP00000012', 'TMP00000132']，环内存在联络开关候选：TMP00008142[开关00018]",,中,True,TMP00000012,TMP00000132,,,0,True
DIST_001,TMP00008134,"TMP00057080,TMP00057079,TMP00057078,TMP00057077,TMP00057076",,疑似联络环(需复核),R_TIE_001,检测到计划联络环，需要复核开关实际遥信状态,"环路跨馈线:['TMP00000012', 'TMP00000132']，环内存在联络开关候选：TMP00008134[开关00010]",,中,True,TMP00000012,TMP00000132,,,0,True
DIST_001,TMP00012120,"TMP00072803,TMP00060931,TMP00118165,TMP00101914,TMP00060962",,疑似联络环(需复核),R_TIE_001,检测到计划联络环，需要复核开关实际遥信状态,"环路跨馈线:['TMP00000132', 'TMP00000060']，环内存在联络开关候选：TMP00012120[开关00167]",,中,True,TMP00000132,TMP00000060,,,0,True
DIST_001,TMP00012127,"TMP00060936,TMP00118167,TMP00101916,TMP00060943,TMP00072815",,疑似联络环(需复核),R_TIE_001,检测到计划联络环，需要复核开关实际遥信状态,"环路跨馈线:['TMP00000132', 'TMP00000060']，环内存在联络开关候选：TMP00012127[开关00174]",,中,True,TMP00000132,TMP00000060,,,0,True
DIST_001,TMP00014450,"TMP00063230,TMP00063228,TMP00075100,TMP00103401,TMP00119652",,疑似联络环(需复核),R_TIE_001,检测到计划联络环，需要复核开关实际遥信状态,"环路跨馈线:['TMP00000134', 'TMP00000060']，环内存在联络开关候选：TMP00014450[开关00067]",,中,True,TMP00000134,TMP00000060,,,0,True
DIST_001,TMP00015031,"TMP00063221,TMP00063229,TMP00075101,TMP00103887,TMP00120138",,疑似联络环(需复核),R_TIE_001,检测到计划联络环，需要复核开关实际遥信状态,"环路跨馈线:['TMP00000134', 'TMP00000060']，环内存在联络开关候选：TMP00015031[开关00091]",,中,True,TMP00000134,TMP00000060,,,0,True
DIST_001,TMP00011853,"TMP00057380,TMP00057386,TMP00057390,TMP00069249,TMP00069264",,疑似联络环(需复核),R_TIE_001,检测到计划联络环，需要复核开关实际遥信状态,"环路跨馈线:['TMP00000134', 'TMP00000013']，环内存在联络开关候选：TMP00011853[开关00145]",,中,True,TMP00000134,TMP00000013,,,0,True
DIST_001,TMP00008516,"TMP00057454,TMP00069329,TMP00103662,TMP00119913,TMP00069350",,疑似联络环(需复核),R_TIE_001,检测到计划联络环，需要复核开关实际遥信状态,"环路跨馈线:['TMP00000164', 'TMP00000138']，环内存在联络开关候选：TMP00008516[开关00021]",,中,True,TMP00000164,TMP00000138,,,0,True
DIST_001,TMP00010937,"TMP00057454,TMP00057453,TMP00057452,TMP00069327,TMP00119914",,疑似联络环(需复核),R_TIE_001,检测到计划联络环，需要复核开关实际遥信状态,"环路跨馈线:['TMP00000164', 'TMP00000138']，环内存在联络开关候选：TMP00010937[开关00069]",,中,True,TMP00000164,TMP00000138,,,0,True
DIST_001,TMP00008507,"TMP00057444,TMP00057445,TMP00057446,TMP00057447,TMP00069322",,疑似联络环(需复核),R_TIE_001,检测到计划联络环，需要复核开关实际遥信状态,"环路跨馈线:['TMP00000164', 'TMP00000138']，环内存在联络开关候选：TMP00008507[开关00012]",,中,True,TMP00000164,TMP00000138,,,0,True
DIST_001,TMP00011576,"TMP00071828,TMP00071827,TMP00071824,TMP00059952,TMP00102901",,疑似联络环(需复核),R_TIE_001,检测到计划联络环，需要复核开关实际遥信状态,"环路跨馈线:['TMP00000160', 'TMP00000138']，环内存在联络开关候选：TMP00011576[开关00208]",,中,True,TMP00000160,TMP00000138,,,0,True
DIST_001,TMP00011055,"TMP00059951,TMP00101147,TMP00117398,TMP00059966,TMP00071838",,疑似联络环(需复核),R_TIE_001,检测到计划联络环，需要复核开关实际遥信状态,"环路跨馈线:['TMP00000160', 'TMP00000138']，环内存在联络开关候选：TMP00011055[开关00191]",,中,True,TMP00000160,TMP00000138,,,0,True
DIST_001,TMP00005753,"TMP00054691,TMP00066569,TMP00091690,TMP00107941,TMP00107942",,疑似联络环(需复核),R_TIE_001,检测到计划联络环，需要复核开关实际遥信状态,"环路跨馈线:['TMP00000160', 'TMP00000038']，环内存在联络开关候选：TMP00005753[开关00043]",,中,True,TMP00000160,TMP00000038,,,0,True
DIST_001,TMP00005760,"TMP00054722,TMP00066600,TMP00066601,TMP00054723,TMP00054732",,疑似联络环(需复核),R_TIE_001,检测到计划联络环，需要复核开关实际遥信状态,"环路跨馈线:['TMP00000160', 'TMP00000038']，环内存在联络开关候选：TMP00005760[开关00050]",,中,True,TMP00000160,TMP00000038,,,0,True
DIST_001,TMP00012557,"TMP00078655,TMP00082281,TMP00061544,TMP00073416,TMP00108006",,疑似联络环(需复核),R_TIE_001,检测到计划联络环，需要复核开关实际遥信状态,"环路跨馈线:['TMP00000130', 'TMP00000010', 'TMP00000164', 'TMP00000038', 'TMP00000138', 'TMP00000160', 'TMP00000137']，环内存在联络开关候选：TMP00012557[开关00083]",,中,True,TMP00000130,TMP00000010,,,0,True
DIST_001,TMP00005738,"TMP00054703,TMP00066581,TMP00091689,TMP00107940,TMP00066599",,疑似联络环(需复核),R_TIE_001,检测到计划联络环，需要复核开关实际遥信状态,"环路跨馈线:['TMP00000160', 'TMP00000038']，环内存在联络开关候选：TMP00005738[开关00028]",,中,True,TMP00000160,TMP00000038,,,0,True
DIST_001,TMP00008396,"TMP00054703,TMP00054704,TMP00066582,TMP00098269,TMP00114520",,疑似联络环(需复核),R_TIE_001,检测到计划联络环，需要复核开关实际遥信状态,"环路跨馈线:['TMP00000160', 'TMP00000038']，环内存在联络开关候选：TMP00008396[开关00106]",,中,True,TMP00000160,TMP00000038,,,0,True
DIST_001,TMP00005711,"TMP00054695,TMP00066573,TMP00066572,TMP00054694,TMP00054696",,疑似联络环(需复核),R_TIE_001,检测到计划联络环，需要复核开关实际遥信状态,"环路跨馈线:['TMP00000160', 'TMP00000038']，环内存在联络开关候选：TMP00005711[开关00001]",,中,True,TMP00000160,TMP00000038,,,0,True
DIST_001,TMP00015168,"TMP00063938,TMP00075810,TMP00106753,TMP00090502,TMP00053638",,疑似联络环(需复核),R_TIE_001,检测到计划联络环，需要复核开关实际遥信状态,"环路跨馈线:['TMP00000160', 'TMP00000130']，环内存在联络开关候选：TMP00015168[开关00286]",,中,True,TMP00000160,TMP00000130,,,0,True
DIST_001,TMP00015150,"TMP00063947,TMP00063946,TMP00063939,TMP00075811,TMP00107930",,疑似联络环(需复核),R_TIE_001,检测到计划联络环，需要复核开关实际遥信状态,"环路跨馈线:['TMP00000160', 'TMP00000130']，环内存在联络开关候选：TMP00015150[开关00273]",,中,True,TMP00000160,TMP00000130,,,0,True
DIST_001,TMP00004669,"TMP00063950,TMP00063944,TMP00063943,TMP00075815,TMP00106754",,疑似联络环(需复核),R_TIE_001,检测到计划联络环，需要复核开关实际遥信状态,"环路跨馈线:['TMP00000160', 'TMP00000130']，环内存在联络开关候选：TMP00004669[开关00073]",,中,True,TMP00000160,TMP00000130,,,0,True
DIST_001,TMP00015153,"TMP00063938,TMP00063942,TMP00063943,TMP00075815,TMP00106754",,疑似联络环(需复核),R_TIE_001,检测到计划联络环，需要复核开关实际遥信状态,"环路跨馈线:['TMP00000160', 'TMP00000130']，环内存在联络开关候选：TMP00015153[开关00274]",,中,True,TMP00000160,TMP00000130,,,0,True
DIST_001,TMP00004660,"TMP00063963,TMP00063964,TMP00063965,TMP00063967,TMP00069964",,疑似联络环(需复核),R_TIE_001,检测到计划联络环，需要复核开关实际遥信状态,"环路跨馈线:['TMP00000160', 'TMP00000130']，环内存在联络开关候选：TMP00004660[开关00064]",,中,True,TMP00000160,TMP00000130,,,0,True
DIST_001,TMP00040574,"TMP00070920,TMP00070919,TMP00059046,TMP00101624,TMP00117875",,疑似联络环(需复核),R_TIE_001,检测到计划联络环，需要复核开关实际遥信状态,"环路跨馈线:['TMP00000130', 'TMP00000148']，环内存在联络开关候选：TMP00040574[刀闸0010]",,中,True,TMP00000130,TMP00000148,,,0,True
DIST_001,TMP00012191,"TMP00072889,TMP00072888,TMP00072887,TMP00061015,TMP00078383",,疑似联络环(需复核),R_TIE_001,检测到计划联络环，需要复核开关实际遥信状态,"环路跨馈线:['TMP00000127', 'TMP00000126', 'TMP00000148']，环内存在联络开关候选：TMP00012191[开关00045]",,中,True,TMP00000127,TMP00000126,,,0,True
DIST_001,TMP00013084,"TMP00061879,TMP00061880,TMP00061883,TMP00073755,TMP00105806",,疑似联络环(需复核),R_TIE_001,检测到计划联络环，需要复核开关实际遥信状态,"环路跨馈线:['TMP00000126', 'TMP00000148']，环内存在联络开关候选：TMP00013084[开关00211]",,中,True,TMP00000126,TMP00000148,,,0,True
DIST_001,TMP00004397,"TMP00061872,TMP00061874,TMP00061881,TMP00073753,TMP00118209",,疑似联络环(需复核),R_TIE_001,检测到计划联络环，需要复核开关实际遥信状态,"环路跨馈线:['TMP00000126', 'TMP00000148']，环内存在联络开关候选：TMP00004397[开关00006]",,中,True,TMP00000126,TMP00000148,,,0,True
DIST_001,TMP00003935,"TMP00064336,TMP00052889,TMP00064768,TMP00107829,TMP00091578",,疑似联络环(需复核),R_TIE_001,检测到计划联络环，需要复核开关实际遥信状态,"环路跨馈线:['TMP00000070', 'TMP00000081']，环内存在联络开关候选：TMP00003935[开关00043]",,中,True,TMP00000070,TMP00000081,,,0,True
DIST_001,TMP00015574,"TMP00052887,TMP00064766,TMP00107827,TMP00091576,TMP00064788",,疑似联络环(需复核),R_TIE_001,检测到计划联络环，需要复核开关实际遥信状态,"环路跨馈线:['TMP00000070', 'TMP00000081']，环内存在联络开关候选：TMP00015574[开关00138]",,中,True,TMP00000070,TMP00000081,,,0,True
DIST_001,TMP00003945,"TMP00052887,TMP00052886,TMP00064765,TMP00091581,TMP00107832",,疑似联络环(需复核),R_TIE_001,检测到计划联络环，需要复核开关实际遥信状态,"环路跨馈线:['TMP00000070', 'TMP00000081']，环内存在联络开关候选：TMP00003945[开关00053]",,中,True,TMP00000070,TMP00000081,,,0,True
DIST_001,TMP00015581,"TMP00052882,TMP00064761,TMP00092140,TMP00108391,TMP00052891",,疑似联络环(需复核),R_TIE_001,检测到计划联络环，需要复核开关实际遥信状态,"环路跨馈线:['TMP00000070', 'TMP00000081']，环内存在联络开关候选：TMP00015581[开关00141]",,中,True,TMP00000070,TMP00000081,,,0,True
DIST_001,TMP00012349,"TMP00058262,TMP00101652,TMP00117903,TMP00054885,TMP00066762",,疑似联络环(需复核),R_TIE_001,检测到计划联络环，需要复核开关实际遥信状态,"环路跨馈线:['TMP00000070', 'TMP00000130', 'TMP00000166', 'TMP00000121', 'TMP00000010', 'TMP00000069', 'TMP00000006', 'TMP00000126', 'TMP00000164', 'TMP00000038', 'TMP00000148', 'TMP00000138', 'TMP00000160', 'TMP00000127', 'TMP00000081', 'TMP00000137']，环内存在联络开关候选：TMP00012349[开关00039]",,中,True,TMP00000070,TMP00000130,,,0,True
DIST_001,TMP00005855,"TMP00054893,TMP00054892,TMP00054891,TMP00054887,TMP00066764",,疑似联络环(需复核),R_TIE_001,检测到计划联络环，需要复核开关实际遥信状态,"环路跨馈线:['TMP00000006', 'TMP00000081']，环内存在联络开关候选：TMP00005855[开关00084]",,中,True,TMP00000006,TMP00000081,,,0,True
DIST_001,TMP00008197,"TMP00057180,TMP00057179,TMP00069054,TMP00098038,TMP00114289",,疑似联络环(需复核),R_TIE_001,检测到计划联络环，需要复核开关实际遥信状态,"环路跨馈线:['TMP00000127', 'TMP00000126']，环内存在联络开关候选：TMP00008197[开关00092]",,中,True,TMP00000127,TMP00000126,,,0,True
DIST_001,TMP00040054,"TMP00056854,TMP00056853,TMP00068728,TMP00097972,TMP00114223",,疑似联络环(需复核),R_TIE_001,检测到计划联络环，需要复核开关实际遥信状态,"环路跨馈线:['TMP00000128', 'TMP00000120']，环内存在联络开关候选：TMP00040054[刀闸0003]",,中,True,TMP00000128,TMP00000120,,,0,True
DIST_001,TMP00005167,"TMP00054137,TMP00066015,TMP00091278,TMP00107529,TMP00066036",,疑似联络环(需复核),R_TIE_001,检测到计划联络环，需要复核开关实际遥信状态,"环路跨馈线:['TMP00000072', 'TMP00000073']，环内存在联络开关候选：TMP00005167[开关00022]",,中,True,TMP00000072,TMP00000073,,,0,True
DIST_001,TMP00005150,"TMP00054137,TMP00054136,TMP00066014,TMP00066013,TMP00054135",,疑似联络环(需复核),R_TIE_001,检测到计划联络环，需要复核开关实际遥信状态,"环路跨馈线:['TMP00000072', 'TMP00000073']，环内存在联络开关候选：TMP00005150[开关00005]",,中,True,TMP00000072,TMP00000073,,,0,True
DIST_001,TMP00012619,"TMP00061422,TMP00061423,TMP00061424,TMP00073296,TMP00118420",,疑似联络环(需复核),R_TIE_001,检测到计划联络环，需要复核开关实际遥信状态,"环路跨馈线:['TMP00000073', 'TMP00000157']，环内存在联络开关候选：TMP00012619[开关00086]",,中,True,TMP00000073,TMP00000157,,,0,True
DIST_001,TMP00043105,"TMP00063873,TMP00075745,TMP00079755,TMP00083380,TMP00103903",,疑似联络环(需复核),R_TIE_001,检测到计划联络环，需要复核开关实际遥信状态,"环路跨馈线:['TMP00000073', 'TMP00000157']，环内存在联络开关候选：TMP00043105[刀闸0037]",,中,True,TMP00000073,TMP00000157,,,0,True
DIST_001,TMP00015071,"TMP00063862,TMP00063865,TMP00075737,TMP00103906,TMP00120157",,疑似联络环(需复核),R_TIE_001,检测到计划联络环，需要复核开关实际遥信状态,"环路跨馈线:['TMP00000073', 'TMP00000157']，环内存在联络开关候选：TMP00015071[开关00125]",,中,True,TMP00000073,TMP00000157,,,0,True
DIST_001,TMP00012613,"TMP00061422,TMP00073294,TMP00118426,TMP00102175,TMP00073272",,疑似联络环(需复核),R_TIE_001,检测到计划联络环，需要复核开关实际遥信状态,"环路跨馈线:['TMP00000073', 'TMP00000157']，环内存在联络开关候选：TMP00012613[开关00081]",,中,True,TMP00000073,TMP00000157,,,0,True
DIST_001,TMP00007819,"TMP00056754,TMP00068629,TMP00068628,TMP00056753,TMP00056756",,疑似联络环(需复核),R_TIE_001,检测到计划联络环，需要复核开关实际遥信状态,"环路跨馈线:['TMP00000073', 'TMP00000120']，环内存在联络开关候选：TMP00007819[开关00023]",,中,True,TMP00000073,TMP00000120,,,0,True
DIST_001,TMP00007813,"TMP00056765,TMP00064215,TMP00068641,TMP00079966,TMP00083591",,疑似联络环(需复核),R_TIE_001,检测到计划联络环，需要复核开关实际遥信状态,"环路跨馈线:['TMP00000073', 'TMP00000120']，环内存在联络开关候选：TMP00007813[开关00017]",,中,True,TMP00000073,TMP00000120,,,0,True
DIST_001,TMP00007894,"TMP00068712,TMP00068711,TMP00064225,TMP00056873,TMP00056846",,疑似联络环(需复核),R_TIE_001,检测到计划联络环，需要复核开关实际遥信状态,"环路跨馈线:['TMP00000126', 'TMP00000120']，环内存在联络开关候选：TMP00007894[开关00048]",,中,True,TMP00000126,TMP00000120,,,0,True
DIST_001,TMP00007900,"TMP00068712,TMP00056837,TMP00097957,TMP00114208,TMP00068762",,疑似联络环(需复核),R_TIE_001,检测到计划联络环，需要复核开关实际遥信状态,"环路跨馈线:['TMP00000126', 'TMP00000120']，环内存在联络开关候选：TMP00007900[开关00054]",,中,True,TMP00000126,TMP00000120,,,0,True
DIST_001,TMP00007978,"TMP00056424,TMP00068300,TMP00097936,TMP00114187,TMP00097937",,疑似联络环(需复核),R_TIE_001,检测到计划联络环，需要复核开关实际遥信状态,"环路跨馈线:['TMP00000126', 'TMP00000128', 'TMP00000127', 'TMP00000120']，环内存在联络开关候选：TMP00007978[开关00060]",,中,True,TMP00000126,TMP00000128,,,0,True
DIST_001,TMP00007887,"TMP00056913,TMP00068788,TMP00076818,TMP00080445,TMP00099671",,疑似联络环(需复核),R_TIE_001,检测到计划联络环，需要复核开关实际遥信状态,"环路跨馈线:['TMP00000128', 'TMP00000120']，环内存在联络开关候选：TMP00007887[开关00047]",,中,True,TMP00000128,TMP00000120,,,0,True
DIST_001,TMP00043269,"TMP00057268,TMP00057269,TMP00057270,TMP00057273,TMP00069128",,疑似联络环(需复核),R_TIE_001,检测到计划联络环，需要复核开关实际遥信状态,"环路跨馈线:['TMP00000128', 'TMP00000133']，环内存在联络开关候选：TMP00043269[刀闸0009]",,中,True,TMP00000128,TMP00000133,,,0,True
DIST_001,TMP00008273,"TMP00057216,TMP00057217,TMP00069092,TMP00114346,TMP00098095",,疑似联络环(需复核),R_TIE_001,检测到计划联络环，需要复核开关实际遥信状态,"环路跨馈线:['TMP00000128', 'TMP00000133']，环内存在联络开关候选：TMP00008273[开关00113]",,中,True,TMP00000128,TMP00000133,,,0,True
DIST_001,TMP00008276,"TMP00057231,TMP00057230,TMP00069105,TMP00098092,TMP00114343",,疑似联络环(需复核),R_TIE_001,检测到计划联络环，需要复核开关实际遥信状态,"环路跨馈线:['TMP00000128', 'TMP00000133']，环内存在联络开关候选：TMP00008276[开关00115]",,中,True,TMP00000128,TMP00000133,,,0,True
DIST_001,TMP00007993,"TMP00056926,TMP00056927,TMP00068802,TMP00098033,TMP00114284",,疑似联络环(需复核),R_TIE_001,检测到计划联络环，需要复核开关实际遥信状态,"环路跨馈线:['TMP00000127', 'TMP00000128']，环内存在联络开关候选：TMP00007993[开关00075]",,中,True,TMP00000127,TMP00000128,,,0,True
DIST_001,TMP00011705,"TMP00057160,TMP00069035,TMP00117806,TMP00101555,TMP00060566",,疑似联络环(需复核),R_TIE_001,检测到计划联络环，需要复核开关实际遥信状态,"环路跨馈线:['TMP00000126', 'TMP00000127']，环内存在联络开关候选：TMP00011705[开关00183]",,中,True,TMP00000126,TMP00000127,,,0,True
DIST_001,TMP00008215,"TMP00057160,TMP00057159,TMP00069034,TMP00098050,TMP00114301",,疑似联络环(需复核),R_TIE_001,检测到计划联络环，需要复核开关实际遥信状态,"环路跨馈线:['TMP00000126', 'TMP00000127']，环内存在联络开关候选：TMP00008215[开关00110]",,中,True,TMP00000126,TMP00000127,,,0,True
DIST_001,TMP00010046,"TMP00057149,TMP00057150,TMP00069025,TMP00115265,TMP00099014",,疑似联络环(需复核),R_TIE_001,检测到计划联络环，需要复核开关实际遥信状态,"环路跨馈线:['TMP00000126', 'TMP00000127']，环内存在联络开关候选：TMP00010046[开关00179]",,中,True,TMP00000126,TMP00000127,,,0,True
DIST_001,TMP00008253,"TMP00057128,TMP00098047,TMP00114298,TMP00069073,TMP00057198",,疑似联络环(需复核),R_TIE_001,检测到计划联络环，需要复核开关实际遥信状态,"环路跨馈线:['TMP00000126', 'TMP00000127']，环内存在联络开关候选：TMP00008253[开关00145]",,中,True,TMP00000126,TMP00000127,,,0,True
DIST_001,TMP00008184,"TMP00057181,TMP00057143,TMP00057139,TMP00057138,TMP00057137",,疑似联络环(需复核),R_TIE_001,检测到计划联络环，需要复核开关实际遥信状态,"环路跨馈线:['TMP00000126', 'TMP00000127']，环内存在联络开关候选：TMP00008184[开关00079]",,中,True,TMP00000126,TMP00000127,,,0,True
DIST_001,TMP00011818,"TMP00057136,TMP00069011,TMP00101678,TMP00117929,TMP00060659",,疑似联络环(需复核),R_TIE_001,检测到计划联络环，需要复核开关实际遥信状态,"环路跨馈线:['TMP00000126', 'TMP00000127']，环内存在联络开关候选：TMP00011818[开关00197]",,中,True,TMP00000126,TMP00000127,,,0,True
DIST_001,TMP00010167,"TMP00059052,TMP00115914,TMP00099663,TMP00070947,TMP00059074",,疑似联络环(需复核),R_TIE_001,检测到计划联络环，需要复核开关实际遥信状态,"环路跨馈线:['TMP00000130', 'TMP00000148']，环内存在联络开关候选：TMP00010167[开关00073]",,中,True,TMP00000130,TMP00000148,,,0,True
DIST_001,TMP00010157,"TMP00059051,TMP00115912,TMP00099661,TMP00070940,TMP00059067",,疑似联络环(需复核),R_TIE_001,检测到计划联络环，需要复核开关实际遥信状态,"环路跨馈线:['TMP00000130', 'TMP00000148']，环内存在联络开关候选：TMP00010157[开关00063]",,中,True,TMP00000130,TMP00000148,,,0,True
DIST_001,TMP00010174,"TMP00070920,TMP00059047,TMP00115911,TMP00099660,TMP00070964",,疑似联络环(需复核),R_TIE_001,检测到计划联络环，需要复核开关实际遥信状态,"环路跨馈线:['TMP00000130', 'TMP00000148']，环内存在联络开关候选：TMP00010174[开关00080]",,中,True,TMP00000130,TMP00000148,,,0,True
DIST_001,TMP00004616,"TMP00053583,TMP00053582,TMP00065460,TMP00090515,TMP00106766",,疑似联络环(需复核),R_TIE_001,检测到计划联络环，需要复核开关实际遥信状态,"环路跨馈线:['TMP00000160', 'TMP00000130']，环内存在联络开关候选：TMP00004616[开关00020]",,中,True,TMP00000160,TMP00000130,,,0,True
DIST_001,TMP00004648,"TMP00053593,TMP00053594,TMP00053595,TMP00053596,TMP00063924",,疑似联络环(需复核),R_TIE_001,检测到计划联络环，需要复核开关实际遥信状态,"环路跨馈线:['TMP00000160', 'TMP00000130']，环内存在联络开关候选：TMP00004648[开关00052]",,中,True,TMP00000160,TMP00000130,,,0,True
DIST_001,TMP00014752,"TMP00061578,TMP00073450,TMP00103683,TMP00119934,TMP00063539",,疑似联络环(需复核),R_TIE_001,检测到计划联络环，需要复核开关实际遥信状态,"环路跨馈线:['TMP00000158', 'TMP00000138']，环内存在联络开关候选：TMP00014752[开关00185]",,中,True,TMP00000158,TMP00000138,,,0,True
DIST_001,TMP00014762,"TMP00061569,TMP00061567,TMP00061566,TMP00061565,TMP00061564",,疑似联络环(需复核),R_TIE_001,检测到计划联络环，需要复核开关实际遥信状态,"环路跨馈线:['TMP00000158', 'TMP00000138']，环内存在联络开关候选：TMP00014762[开关00195]",,中,True,TMP00000158,TMP00000138,,,0,True
DIST_001,TMP00041876,"TMP00061575,TMP00073447,TMP00118339,TMP00102088,TMP00061249",,疑似联络环(需复核),R_TIE_001,检测到计划联络环，需要复核开关实际遥信状态,"环路跨馈线:['TMP00000158', 'TMP00000138']，环内存在联络开关候选：TMP00041876[刀闸0015]",,中,True,TMP00000158,TMP00000138,,,0,True
DIST_001,TMP00013168,"TMP00061944,TMP00073816,TMP00078891,TMP00082516,TMP00119128",,疑似联络环(需复核),R_TIE_001,检测到计划联络环，需要复核开关实际遥信状态,"环路跨馈线:['TMP00000167', 'TMP00000138']，环内存在联络开关候选：TMP00013168[开关00163]",,中,True,TMP00000167,TMP00000138,,,0,True
DIST_001,TMP00013169,"TMP00061933,TMP00061929,TMP00073801,TMP00078897,TMP00082522",,疑似联络环(需复核),R_TIE_001,检测到计划联络环，需要复核开关实际遥信状态,"环路跨馈线:['TMP00000167', 'TMP00000138']，环内存在联络开关候选：TMP00013169[开关00164]",,中,True,TMP00000167,TMP00000138,,,0,True
DIST_001,TMP00012950,"TMP00061753,TMP00061749,TMP00073621,TMP00118889,TMP00102638",,疑似联络环(需复核),R_TIE_001,检测到计划联络环，需要复核开关实际遥信状态,"环路跨馈线:['TMP00000137', 'TMP00000165']，环内存在联络开关候选：TMP00012950[开关00163]",,中,True,TMP00000137,TMP00000165,,,0,True
DIST_001,TMP00014487,"TMP00063276,TMP00063303,TMP00063310,TMP00079525,TMP00083150",,疑似联络环(需复核),R_TIE_001,检测到计划联络环，需要复核开关实际遥信状态,"环路跨馈线:['TMP00000010', 'TMP00000177']，环内存在联络开关候选：TMP00014487[开关00107]",,中,True,TMP00000010,TMP00000177,,,0,True
DIST_001,TMP00014483,"TMP00063271,TMP00075143,TMP00103411,TMP00119662,TMP00075174",,疑似联络环(需复核),R_TIE_001,检测到计划联络环，需要复核开关实际遥信状态,"环路跨馈线:['TMP00000010', 'TMP00000177']，环内存在联络开关候选：TMP00014483[开关00103]",,中,True,TMP00000010,TMP00000177,,,0,True
DIST_001,TMP00008098,"TMP00057038,TMP00057040,TMP00057042,TMP00057043,TMP00057044",,疑似联络环(需复核),R_TIE_001,检测到计划联络环，需要复核开关实际遥信状态,"环路跨馈线:['TMP00000130', 'TMP00000010']，环内存在联络开关候选：TMP00008098[开关00029]",,中,True,TMP00000130,TMP00000010,,,0,True
DIST_001,TMP00013383,"TMP00054786,TMP00054785,TMP00054784,TMP00066662,TMP00107995",,疑似联络环(需复核),R_TIE_001,检测到计划联络环，需要复核开关实际遥信状态,"环路跨馈线:['TMP00000130', 'TMP00000166', 'TMP00000069', 'TMP00000006', 'TMP00000038', 'TMP00000121', 'TMP00000081']，环内存在联络开关候选：TMP00013383[开关00211]",,中,True,TMP00000130,TMP00000166,,,0,True
DIST_001,TMP00005838,"TMP00059176,TMP00054821,TMP00066699,TMP00066698,TMP00066697",,疑似联络环(需复核),R_TIE_001,检测到计划联络环，需要复核开关实际遥信状态,"环路跨馈线:['TMP00000140', 'TMP00000038']，环内存在联络开关候选：TMP00005838[开关00115]",,中,True,TMP00000140,TMP00000038,,,0,True
DIST_001,TMP00005892,"TMP00054878,TMP00054877,TMP00054875,TMP00054873,TMP00054872",,疑似联络环(需复核),R_TIE_001,检测到计划联络环，需要复核开关实际遥信状态,"环路跨馈线:['TMP00000006', 'TMP00000081']，环内存在联络开关候选：TMP00005892[开关00116]",,中,True,TMP00000006,TMP00000081,,,0,True
DIST_001,TMP00005912,"TMP00054878,TMP00066755,TMP00101658,TMP00117909,TMP00066778",,疑似联络环(需复核),R_TIE_001,检测到计划联络环，需要复核开关实际遥信状态,"环路跨馈线:['TMP00000006', 'TMP00000081']，环内存在联络开关候选：TMP00005912[开关00134]",,中,True,TMP00000006,TMP00000081,,,0,True
DIST_001,TMP00010436,"TMP00059340,TMP00077467,TMP00081093,TMP00098700,TMP00114951",,疑似联络环(需复核),R_TIE_001,检测到计划联络环，需要复核开关实际遥信状态,"环路跨馈线:['TMP00000047', 'TMP00000131', 'TMP00000125']，环内存在联络开关候选：TMP00010436[开关00223]",,中,True,TMP00000047,TMP00000131,,,0,True
DIST_001,TMP00006185,"TMP00055167,TMP00067044,TMP00106733,TMP00090482,TMP00055154",,疑似联络环(需复核),R_TIE_001,检测到计划联络环，需要复核开关实际遥信状态,"环路跨馈线:['TMP00000062', 'TMP00000079']，环内存在联络开关候选：TMP00006185[开关00024]",,中,True,TMP00000062,TMP00000079,,,0,True
DIST_001,TMP00005390,"TMP00054366,TMP00099631,TMP00115882,TMP00068130,TMP00056254",,疑似联络环(需复核),R_TIE_001,检测到计划联络环，需要复核开关实际遥信状态,"环路跨馈线:['TMP00000047', 'TMP00000140']，环内存在联络开关候选：TMP00005390[开关00018]",,中,True,TMP00000047,TMP00000140,,,0,True
DIST_001,TMP00040085,"TMP00057002,TMP00076849,TMP00080476,TMP00103581,TMP00119832",,疑似联络环(需复核),R_TIE_001,检测到计划联络环，需要复核开关实际遥信状态,"环路跨馈线:['TMP00000003', 'TMP00000131']，环内存在联络开关候选：TMP00040085[刀闸0006]",,中,True,TMP00000003,TMP00000131,,,0,True
DIST_001,TMP00014949,"TMP00071287,TMP00071285,TMP00071284,TMP00071283,TMP00059411",,疑似联络环(需复核),R_TIE_001,检测到计划联络环，需要复核开关实际遥信状态,"环路跨馈线:['TMP00000003', 'TMP00000131']，环内存在联络开关候选：TMP00014949[开关00312]",,中,True,TMP00000003,TMP00000131,,,0,True
DIST_001,TMP00011420,"TMP00060289,TMP00072161,TMP00103541,TMP00119792,TMP00072187",,疑似联络环(需复核),R_TIE_001,检测到计划联络环，需要复核开关实际遥信状态,"环路跨馈线:['TMP00000003', 'TMP00000131']，环内存在联络开关候选：TMP00011420[开关00251]",,中,True,TMP00000003,TMP00000131,,,0,True
DIST_001,TMP00011452,"TMP00060280,TMP00072152,TMP00060295,TMP00072167,TMP00060293",,疑似联络环(需复核),R_TIE_001,检测到计划联络环，需要复核开关实际遥信状态,"环路跨馈线:['TMP00000003', 'TMP00000131']，环内存在联络开关候选：TMP00011452[开关00283]",,中,True,TMP00000003,TMP00000131,,,0,True
DIST_001,TMP00043382,"TMP00079341,TMP00082966,TMP00062719,TMP00074591,TMP00119643",,疑似联络环(需复核),R_TIE_001,检测到计划联络环，需要复核开关实际遥信状态,"环路跨馈线:['TMP00000149', 'TMP00000103']，环内存在联络开关候选：TMP00043382[刀闸0034]",,中,True,TMP00000149,TMP00000103,,,0,True
DIST_001,TMP00042689,"TMP00080336,TMP00076709,TMP00055457,TMP00067334,TMP00119722",,疑似联络环(需复核),R_TIE_001,检测到计划联络环，需要复核开关实际遥信状态,"环路跨馈线:['TMP00000094', 'TMP00000091']，环内存在联络开关候选：TMP00042689[刀闸0042]",,中,True,TMP00000094,TMP00000091,,,0,True
DIST_001,TMP00039844,"TMP00099087,TMP00115338,TMP00079031,TMP00082656,TMP00062157",,疑似联络环(需复核),R_TIE_001,检测到计划联络环，需要复核开关实际遥信状态,"环路跨馈线:['TMP00000089', 'TMP00000091']，环内存在联络开关候选：TMP00039844[刀闸0001]",,中,True,TMP00000089,TMP00000091,,,0,True
DIST_001,TMP00008593,"TMP00069401,TMP00115102,TMP00098851,TMP00069386,TMP00057512",,疑似联络环(需复核),R_TIE_001,检测到计划联络环，需要复核开关实际遥信状态,"环路跨馈线:['TMP00000118', 'TMP00000009']，环内存在联络开关候选：TMP00008593[开关00046]",,中,True,TMP00000118,TMP00000009,,,0,True
DIST_001,TMP00008602,"TMP00057518,TMP00069392,TMP00098555,TMP00114806,TMP00069423",,疑似联络环(需复核),R_TIE_001,检测到计划联络环，需要复核开关实际遥信状态,"环路跨馈线:['TMP00000118', 'TMP00000009']，环内存在联络开关候选：TMP00008602[开关00055]",,中,True,TMP00000118,TMP00000009,,,0,True
DIST_001,TMP00013746,"TMP00062479,TMP00062474,TMP00074346,TMP00103118,TMP00119369",,疑似联络环(需复核),R_TIE_001,检测到计划联络环，需要复核开关实际遥信状态,"环路跨馈线:['TMP00000042', 'TMP00000032']，环内存在联络开关候选：TMP00013746[开关00059]",,中,True,TMP00000042,TMP00000032,,,0,True
DIST_001,TMP00014106,"TMP00074763,TMP00074762,TMP00062895,TMP00062892,TMP00074764",,疑似联络环(需复核),R_TIE_001,检测到计划联络环，需要复核开关实际遥信状态,"环路跨馈线:['TMP00000032', 'TMP00000042']，环内存在联络开关候选：TMP00014106[开关00026]",,中,True,TMP00000032,TMP00000042,,,0,True
DIST_001,TMP00013702,"TMP00062476,TMP00074348,TMP00082849,TMP00079224,TMP00062536",,疑似联络环(需复核),R_TIE_001,检测到计划联络环，需要复核开关实际遥信状态,"环路跨馈线:['TMP00000042', 'TMP00000032']，环内存在联络开关候选：TMP00013702[开关00023]",,中,True,TMP00000042,TMP00000032,,,0,True
DIST_001,TMP00042552,"TMP00074454,TMP00079241,TMP00082866,TMP00103131,TMP00119382",,疑似联络环(需复核),R_TIE_001,检测到计划联络环，需要复核开关实际遥信状态,"环路跨馈线:['TMP00000042', 'TMP00000032']，环内存在联络开关候选：TMP00042552[刀闸0005]",,中,True,TMP00000042,TMP00000032,,,0,True
DIST_001,TMP00013739,"TMP00062502,TMP00062523,TMP00062528,TMP00079223,TMP00082848",,疑似联络环(需复核),R_TIE_001,检测到计划联络环，需要复核开关实际遥信状态,"环路跨馈线:['TMP00000042', 'TMP00000032']，环内存在联络开关候选：TMP00013739[开关00052]",,中,True,TMP00000042,TMP00000032,,,0,True
DIST_001,TMP00042732,"TMP00062846,TMP00074718,TMP00119551,TMP00103300,TMP00074733",,疑似联络环(需复核),R_TIE_001,检测到计划联络环，需要复核开关实际遥信状态,"环路跨馈线:['TMP00000042', 'TMP00000032']，环内存在联络开关候选：TMP00042732[刀闸0014]",,中,True,TMP00000042,TMP00000032,,,0,True
DIST_001,TMP00041081,"TMP00060070,TMP00077836,TMP00081462,TMP00103226,TMP00119477",,疑似联络环(需复核),R_TIE_001,检测到计划联络环，需要复核开关实际遥信状态,"环路跨馈线:['TMP00000001', 'TMP00000040']，环内存在联络开关候选：TMP00041081[刀闸0016]",,中,True,TMP00000001,TMP00000040,,,0,True
DIST_001,TMP00040498,"TMP00107647,TMP00101766,TMP00118017,TMP00091397,TMP00107648",,疑似联络环(需复核),R_TIE_001,检测到计划联络环，需要复核开关实际遥信状态,"环路跨馈线:['TMP00000074', 'TMP00000075']，环内存在联络开关候选：TMP00040498[刀闸0008]",,中,True,TMP00000074,TMP00000075,,,0,True
DIST_001,TMP00007759,"TMP00056703,TMP00056704,TMP00056705,TMP00056706,TMP00056707",,疑似联络环(需复核),R_TIE_001,检测到计划联络环，需要复核开关实际遥信状态,"环路跨馈线:['TMP00000121', 'TMP00000074']，环内存在联络开关候选：TMP00007759[开关00014]",,中,True,TMP00000121,TMP00000074,,,0,True
DIST_001,TMP00007769,"TMP00056703,TMP00068578,TMP00112944,TMP00096693,TMP00066811",,疑似联络环(需复核),R_TIE_001,检测到计划联络环，需要复核开关实际遥信状态,"环路跨馈线:['TMP00000121', 'TMP00000074']，环内存在联络开关候选：TMP00007769[开关00024]",,中,True,TMP00000121,TMP00000074,,,0,True
DIST_001,TMP00013536,"TMP00108546,TMP00092325,TMP00108576,TMP00108545,TMP00092294",,疑似联络环(需复核),R_TIE_001,检测到计划联络环，需要复核开关实际遥信状态,"环路跨馈线:['TMP00000086', 'TMP00000095']，环内存在联络开关候选：TMP00013536[开关00074]",,中,True,TMP00000086,TMP00000095,,,0,True
DIST_001,TMP00011836,"TMP00117954,TMP00060669,TMP00072541,TMP00072542,TMP00060670",,疑似联络环(需复核),R_TIE_001,检测到计划联络环，需要复核开关实际遥信状态,"环路跨馈线:['TMP00000038', 'TMP00000036']，环内存在联络开关候选：TMP00011836[开关00183]",,中,True,TMP00000038,TMP00000036,,,0,True
DIST_001,TMP00042740,"TMP00062924,TMP00062904,TMP00062902,TMP00074774,TMP00083018",,疑似联络环(需复核),R_TIE_001,检测到计划联络环，需要复核开关实际遥信状态,"环路跨馈线:['TMP00000171', 'TMP00000173']，环内存在联络开关候选：TMP00042740[刀闸0003]",,中,True,TMP00000171,TMP00000173,,,0,True
DIST_001,TMP00014176,"TMP00062914,TMP00103327,TMP00119578,TMP00062988,TMP00074860",,疑似联络环(需复核),R_TIE_001,检测到计划联络环，需要复核开关实际遥信状态,"环路跨馈线:['TMP00000172', 'TMP00000173']，环内存在联络开关候选：TMP00014176[开关00065]",,中,True,TMP00000172,TMP00000173,,,0,True
DIST_001,TMP00014121,"TMP00062989,TMP00074789,TMP00074792,TMP00079395,TMP00083016",,疑似联络环(需复核),R_TIE_001,检测到计划联络环，需要复核开关实际遥信状态,"环路跨馈线:['TMP00000172', 'TMP00000173']，环内存在联络开关候选：TMP00014121[开关00011]",,中,True,TMP00000172,TMP00000173,,,0,True
DIST_001,TMP00014132,"TMP00074801,TMP00062929,TMP00103332,TMP00119583,TMP00074812",,疑似联络环(需复核),R_TIE_001,检测到计划联络环，需要复核开关实际遥信状态,"环路跨馈线:['TMP00000171', 'TMP00000173']，环内存在联络开关候选：TMP00014132[开关00021]",,中,True,TMP00000171,TMP00000173,,,0,True
